p,d,q,P,D,Q,s,status,validation_aic,validation_loglikelihood,parameter_count,train_aic,error,elapsed_seconds
0,0,0,1,1,1,24,ok,1527.938265827763,-760.9691329138815,3.0,20964.435218206603,,34.977682199998526
0,0,1,1,1,1,24,ok,1522.195496959057,-757.0977484795285,4.0,20882.449796380377,,45.36336560000018
0,0,2,1,1,1,24,ok,1523.6377391250317,-756.8188695625158,5.0,20875.08239004148,,54.2330750000001
1,0,0,1,1,1,24,ok,1521.5953687076321,-756.7976843538161,4.0,20879.93453958776,,81.14154319999943
1,0,1,1,1,1,24,ok,1523.5393024330538,-756.7696512165269,5.0,20878.091323473414,,92.94548659999964
1,0,2,1,1,1,24,ok,1525.6706382210687,-756.8353191105343,6.0,20877.123155145087,,67.29238319999968
2,0,0,1,1,1,24,ok,1523.5428622241539,-756.7714311120769,5.0,20878.008585808613,,56.761255400000664
2,0,1,1,1,1,24,failed,,,,,Optimizer did not converge within 100 iterations: Maximum Likelihood optimization failed to converge. Check mle_retvals,53.34464370000023
2,0,2,1,1,1,24,ok,1527.6283099788416,-756.8141549894208,7.0,20879.02261581518,,240.78560480000124
