device_id,variable,split,hours,observed_hours,start_utc,end_utc
101990961244800083,air_temperature,train,6728,5730,2025-08-10 06:00:00+00:00,2026-05-17 13:00:00+00:00
101990961244800083,air_temperature,validation,1441,574,2026-05-17 14:00:00+00:00,2026-07-16 14:00:00+00:00
101990961244800083,air_temperature,test,1443,498,2026-07-16 15:00:00+00:00,2026-09-14 17:00:00+00:00
101990961244800083,air_humidity,train,6728,5730,2025-08-10 06:00:00+00:00,2026-05-17 13:00:00+00:00
101990961244800083,air_humidity,validation,1441,574,2026-05-17 14:00:00+00:00,2026-07-16 14:00:00+00:00
101990961244800083,air_humidity,test,1443,498,2026-07-16 15:00:00+00:00,2026-09-14 17:00:00+00:00
101990961244800083,barometric_pressure_hpa,train,6728,5699,2025-08-10 06:00:00+00:00,2026-05-17 13:00:00+00:00
101990961244800083,barometric_pressure_hpa,validation,1441,566,2026-05-17 14:00:00+00:00,2026-07-16 14:00:00+00:00
101990961244800083,barometric_pressure_hpa,test,1443,481,2026-07-16 15:00:00+00:00,2026-09-14 17:00:00+00:00
101990961244800083,wind_speed,train,6728,5730,2025-08-10 06:00:00+00:00,2026-05-17 13:00:00+00:00
101990961244800083,wind_speed,validation,1441,574,2026-05-17 14:00:00+00:00,2026-07-16 14:00:00+00:00
101990961244800083,wind_speed,test,1443,498,2026-07-16 15:00:00+00:00,2026-09-14 17:00:00+00:00
101990961244800083,rainfall_mm,train,6728,5720,2025-08-10 06:00:00+00:00,2026-05-17 13:00:00+00:00
101990961244800083,rainfall_mm,validation,1441,566,2026-05-17 14:00:00+00:00,2026-07-16 14:00:00+00:00
101990961244800083,rainfall_mm,test,1443,487,2026-07-16 15:00:00+00:00,2026-09-14 17:00:00+00:00
