device_id,variable,status,rmse,mae,mape,rmse_naive,skill_score,test_hours,test_observed_hours,evaluated_hours,mape_hours,excluded_test_hours,error,elapsed_seconds,stations_completed,stations_successful,stations_requested,rmse_station_count,mae_station_count,mape_station_count,rmse_naive_station_count,skill_score_station_count
101990961244800083,air_temperature,ok,1.2416167393069024,0.7479384284031678,3.172932270663535,1.8689424107497972,0.33565810687083675,1443.0,498.0,421.0,421.0,1022.0,,611.0344243,,,,,,,,
101990961244800083,air_humidity,ok,5.2116095239848885,3.356032931196647,5.3673642444558185,7.22580081878911,0.2787499054176471,1443.0,498.0,421.0,421.0,1022.0,,767.7753551000005,,,,,,,,
101990961244800083,barometric_pressure_hpa,ok,0.3276854872627573,0.236582175664388,0.027031890471095495,0.6131326211633756,0.46555528779239086,1443.0,481.0,409.0,409.0,1034.0,,709.8576040000007,,,,,,,,
101990961244800083,wind_speed,ok,0.5059229168280446,0.3635693902152759,59.02888165860733,0.6646971125067549,0.23886698571613973,1443.0,498.0,421.0,282.0,1022.0,,557.3315758000008,,,,,,,,
101990961244800083,rainfall_mm,ok,0.08299338720813176,0.03035568739437938,93.11543914424166,0.10954155675817595,0.24235705914470385,1443.0,487.0,414.0,3.0,1029.0,,804.4635926999999,,,,,,,,
ALL_STATIONS_MEAN,air_temperature,ok,1.2416167393069024,0.7479384284031678,3.172932270663535,1.8689424107497972,0.33565810687083675,,,,,,,,1.0,1.0,26.0,1.0,1.0,1.0,1.0,1.0
ALL_STATIONS_MEAN,air_humidity,ok,5.2116095239848885,3.356032931196647,5.3673642444558185,7.22580081878911,0.2787499054176471,,,,,,,,1.0,1.0,26.0,1.0,1.0,1.0,1.0,1.0
ALL_STATIONS_MEAN,barometric_pressure_hpa,ok,0.3276854872627573,0.236582175664388,0.027031890471095495,0.6131326211633756,0.46555528779239086,,,,,,,,1.0,1.0,26.0,1.0,1.0,1.0,1.0,1.0
ALL_STATIONS_MEAN,wind_speed,ok,0.5059229168280446,0.3635693902152759,59.02888165860733,0.6646971125067549,0.23886698571613973,,,,,,,,1.0,1.0,26.0,1.0,1.0,1.0,1.0,1.0
ALL_STATIONS_MEAN,rainfall_mm,ok,0.08299338720813176,0.03035568739437938,93.11543914424166,0.10954155675817595,0.24235705914470385,,,,,,,,1.0,1.0,26.0,1.0,1.0,1.0,1.0,1.0
