device_id,filter_result,records
101990961244800001,retained,30739
101990961244800005,outside_bbox,2
101990961244800005,retained,25356
101990961244800061,retained,31001
101990961244800083,retained,33783
101990961244800101,retained,31471
101990961244800102,retained,31858
101990961244800113,retained,31984
101990961244800131,outside_bbox,9946
101990961244800131,retained,16754
101990961244800184,retained,30932
101990961244800201,retained,26166
101990961244800207,retained,30144
101990961244800212,outside_bbox,6974
101990961244800222,retained,16270
101990961244800246,retained,26733
101990961244800270,retained,19418
101990961244800281,retained,24426
101990961244800296,outside_bbox,3121
101990961244800302,retained,28972
101990961244800306,retained,31885
101990961244800317,retained,33975
101990961244800336,retained,28438
101990961244800342,retained,26685
101990961244800348,retained,31773
101990961244800358,outside_bbox,8753
101990961244800361,outside_bbox,9367
101990961244800361,retained,16942
101990961244800375,retained,21138
101990961244800389,retained,31387
101990961244800393,retained,28922
101990961244800395,retained,30319
202003536241300473,outside_bbox,8671
test-spatial-check-device,excluded_test_device,4
