device_id,record_id,time,air_temperature,sensor_error,latitude,longitude
101990961244800102,6a84b33cb2ae91168bef49a8,2025-08-15 03:44:41.888000+00:00,13.8,0.0,0.376194444444444,34.3181111111111
101990961244800102,6a84b343b2ae91168bef5e52,2025-08-17 04:12:15.855000+00:00,13.9,0.0,0.376194444444444,34.3181111111111
101990961244800102,6a84b343b2ae91168bef5e53,2025-08-17 04:12:43.857000+00:00,13.9,0.0,0.376194444444444,34.3181111111111
101990961244800222,6975fa47022f9ea7f837454e,2026-01-25 11:11:02.979000+00:00,36.1,0.0,0.50452777777777,34.391666666
101990961244800222,69760f85022f9ea7f8374be7,2026-01-25 12:41:41.538000+00:00,36.1,0.0,0.50452777777777,34.391666666
101990961244800306,6a84b343b2ae91168bef5d75,2025-08-17 02:02:05.661000+00:00,13.9,0.0,0.416,34.2
101990961244800306,6a84b343b2ae91168bef5d90,2025-08-17 02:17:12.796000+00:00,13.9,0.0,0.416,34.2
101990961244800306,6a84b343b2ae91168bef5da9,2025-08-17 02:32:18.349000+00:00,13.9,0.0,0.416,34.2
101990961244800306,6967184b022f9ea7f83066b7,2026-01-14 04:15:07.889000+00:00,13.9,0.0,0.416,34.2
101990961244800317,69212e12dab500a4c5d7beef,2025-11-22 03:29:22.192000+00:00,13.8,0.0,0.470305555555555,34.3246944444444
101990961244800317,6a84b575b2ae91168bf2e756,2025-11-22 03:29:22.257000+00:00,13.8,0.0,0.470305555555555,34.3246944444444
101990961244800317,6921319cdab500a4c5d7bffa,2025-11-22 03:44:28.573000+00:00,13.7,0.0,0.470305555555555,34.3246944444444
101990961244800317,6a84b575b2ae91168bf2e771,2025-11-22 03:44:28.631000+00:00,13.7,0.0,0.470305555555555,34.3246944444444
101990961244800317,692131abdab500a4c5d7c018,2025-11-22 03:44:43.704000+00:00,13.7,0.0,0.470305555555555,34.3246944444444
101990961244800317,6a84b575b2ae91168bf2e773,2025-11-22 03:44:43.758000+00:00,13.7,0.0,0.470305555555555,34.3246944444444
101990961244800317,69682f07022f9ea7f8313d14,2026-01-15 00:04:23.905000+00:00,13.9,0.0,0.470305555555555,34.3246944444444
101990961244800317,69683292022f9ea7f8313db9,2026-01-15 00:19:30.302000+00:00,13.8,0.0,0.470305555555555,34.3246944444444
101990961244800317,6968361c022f9ea7f8313e64,2026-01-15 00:34:36.774000+00:00,13.6,0.0,0.470305555555555,34.3246944444444
101990961244800317,69685984022f9ea7f831455e,2026-01-15 03:05:40.647000+00:00,13.8,0.0,0.470305555555555,34.3246944444444
101990961244800317,69685d0f022f9ea7f8314606,2026-01-15 03:20:47.113000+00:00,13.0,0.0,0.470305555555555,34.3246944444444
101990961244800317,69686099022f9ea7f83147b8,2026-01-15 03:35:53.475000+00:00,13.6,0.0,0.470305555555555,34.3246944444444
101990961244800317,69686424022f9ea7f8314af8,2026-01-15 03:50:59.973000+00:00,13.3,0.0,0.470305555555555,34.3246944444444
101990961244800336,692280f6dab500a4c5d8297a,2025-11-23 03:35:18.129000+00:00,13.8,0.0,0.315777777777777,34.3487222222222
101990961244800336,6a84b582b2ae91168bf2f1bc,2025-11-23 03:35:18.206000+00:00,13.8,0.0,0.315777777777777,34.3487222222222
101990961244800336,6922810ddab500a4c5d82995,2025-11-23 03:35:40.959000+00:00,13.8,0.0,0.315777777777777,34.3487222222222
101990961244800336,6a84b582b2ae91168bf2f1be,2025-11-23 03:35:41.011000+00:00,13.8,0.0,0.315777777777777,34.3487222222222
101990961244800348,6a84b33cb2ae91168bef496f,2025-08-15 03:11:30.772000+00:00,13.9,0.0,0.454844,34.248751
101990961244800348,6a84b33cb2ae91168bef4989,2025-08-15 03:26:37.364000+00:00,13.8,0.0,0.454844,34.248751
101990961244800348,6a84b33cb2ae91168bef49a2,2025-08-15 03:41:44.590000+00:00,13.9,0.0,0.454844,34.248751
101990961244800348,6a84b33cb2ae91168bef49d4,2025-08-15 04:11:56.569000+00:00,13.9,0.0,0.454844,34.248751
101990961244800348,6922756bdab500a4c5d82628,2025-11-23 02:46:03.717000+00:00,13.8,0.0,0.454844,34.248751
101990961244800348,6a84b582b2ae91168bf2f169,2025-11-23 02:46:03.822000+00:00,13.8,0.0,0.454844,34.248751
101990961244800348,6922757adab500a4c5d82632,2025-11-23 02:46:18.815000+00:00,13.8,0.0,0.454844,34.248751
101990961244800348,6a84b582b2ae91168bf2f16a,2025-11-23 02:46:18.947000+00:00,13.8,0.0,0.454844,34.248751
101990961244800348,69227905dab500a4c5d82736,2025-11-23 03:01:25.222000+00:00,13.7,0.0,0.454844,34.248751
101990961244800348,6a84b582b2ae91168bf2f184,2025-11-23 03:01:25.293000+00:00,13.7,0.0,0.454844,34.248751
101990961244800348,692f844b81c520b340cf8ea0,2025-12-03 00:28:59.868000+00:00,13.9,0.0,0.454844,34.248751
101990961244800348,692f87d681c520b340cf91ff,2025-12-03 00:44:06.340000+00:00,13.8,0.0,0.454844,34.248751
101990961244800348,692f8b6081c520b340cf954a,2025-12-03 00:59:12.738000+00:00,13.7,0.0,0.454844,34.248751
101990961244800348,692f8eeb81c520b340cf9827,2025-12-03 01:14:19.194000+00:00,13.4,0.0,0.454844,34.248751
101990961244800348,692f8efa81c520b340cf9839,2025-12-03 01:14:34.307000+00:00,13.4,0.0,0.454844,34.248751
101990961244800348,692f928481c520b340cf9bc3,2025-12-03 01:29:40.703000+00:00,13.4,0.0,0.454844,34.248751
101990961244800348,692f960f81c520b340cf9edf,2025-12-03 01:44:47.100000+00:00,13.3,0.0,0.454844,34.248751
101990961244800348,692f999981c520b340cfa256,2025-12-03 01:59:53.479000+00:00,13.1,0.0,0.454844,34.248751
101990961244800348,692f9d2381c520b340cfa64e,2025-12-03 02:14:59.872000+00:00,13.0,0.0,0.454844,34.248751
101990961244800348,692fa0ae81c520b340cfa744,2025-12-03 02:30:06.308000+00:00,12.9,0.0,0.454844,34.248751
101990961244800348,692fa43881c520b340cfa85b,2025-12-03 02:45:12.695000+00:00,12.9,0.0,0.454844,34.248751
101990961244800348,692fa7c381c520b340cfa94c,2025-12-03 03:00:19.358000+00:00,12.8,0.0,0.454844,34.248751
101990961244800348,692fab4d81c520b340cfaa24,2025-12-03 03:15:25.569000+00:00,12.8,0.0,0.454844,34.248751
101990961244800348,692faed881c520b340cfab23,2025-12-03 03:30:32.015000+00:00,12.7,0.0,0.454844,34.248751
101990961244800348,692fb26281c520b340cfac10,2025-12-03 03:45:38.399000+00:00,12.8,0.0,0.454844,34.248751
101990961244800348,692fb5ec81c520b340cfb1aa,2025-12-03 04:00:44.789000+00:00,13.2,0.0,0.454844,34.248751
101990961244800348,692fb97781c520b340cfb938,2025-12-03 04:15:51.196000+00:00,13.6,0.0,0.454844,34.248751
101990961244800348,695f2b5d022f9ea7f82cf3ab,2026-01-08 03:58:21.103000+00:00,13.9,0.0,0.454844,34.248751
101990961244800348,6966e712022f9ea7f83056ff,2026-01-14 00:45:06.536000+00:00,13.9,0.0,0.454844,34.248751
101990961244800348,6966ea9d022f9ea7f83057ad,2026-01-14 01:00:13.036000+00:00,13.5,0.0,0.454844,34.248751
101990961244800348,6966ee27022f9ea7f8305846,2026-01-14 01:15:19.416000+00:00,13.3,0.0,0.454844,34.248751
101990961244800348,6966f1b1022f9ea7f830590c,2026-01-14 01:30:25.901000+00:00,13.3,0.0,0.454844,34.248751
101990961244800348,6966f53c022f9ea7f83059a8,2026-01-14 01:45:32.278000+00:00,13.1,0.0,0.454844,34.248751
101990961244800348,6966f8c6022f9ea7f8305a47,2026-01-14 02:00:38.791000+00:00,12.6,0.0,0.454844,34.248751
101990961244800348,6966fc51022f9ea7f8305af5,2026-01-14 02:15:45.176000+00:00,12.4,0.0,0.454844,34.248751
101990961244800348,6966ffdb022f9ea7f8305b9e,2026-01-14 02:30:51.653000+00:00,12.4,0.0,0.454844,34.248751
101990961244800348,69670366022f9ea7f8305c43,2026-01-14 02:45:58.059000+00:00,12.2,0.0,0.454844,34.248751
101990961244800348,696706f0022f9ea7f8305cdc,2026-01-14 03:01:04.539000+00:00,12.2,0.0,0.454844,34.248751
101990961244800348,69670a7b022f9ea7f8305d81,2026-01-14 03:16:10.940000+00:00,12.1,0.0,0.454844,34.248751
101990961244800348,69670e05022f9ea7f8305ef9,2026-01-14 03:31:17.455000+00:00,11.8,0.0,0.454844,34.248751
101990961244800348,6967118f022f9ea7f83060bf,2026-01-14 03:46:23.820000+00:00,11.8,0.0,0.454844,34.248751
101990961244800348,6967151a022f9ea7f83063d7,2026-01-14 04:01:30.225000+00:00,11.6,0.0,0.454844,34.248751
101990961244800348,696718a4022f9ea7f830671e,2026-01-14 04:16:36.616000+00:00,11.7,0.0,0.454844,34.248751
101990961244800348,69671c2f022f9ea7f8306a16,2026-01-14 04:31:43.031000+00:00,12.2,0.0,0.454844,34.248751
101990961244800348,69671fb9022f9ea7f8306da2,2026-01-14 04:46:49.453000+00:00,13.0,0.0,0.454844,34.248751
101990961244800348,696810d8022f9ea7f8313731,2026-01-14 21:55:36.036000+00:00,13.8,0.0,0.454844,34.248751
101990961244800348,69681462022f9ea7f83137d6,2026-01-14 22:10:42.462000+00:00,13.6,0.0,0.454844,34.248751
101990961244800348,696817ec022f9ea7f8313872,2026-01-14 22:25:48.823000+00:00,13.6,0.0,0.454844,34.248751
101990961244800348,69681b77022f9ea7f8313920,2026-01-14 22:40:55.212000+00:00,13.4,0.0,0.454844,34.248751
101990961244800348,69681b86022f9ea7f831392c,2026-01-14 22:41:10.354000+00:00,13.4,0.0,0.454844,34.248751
101990961244800348,69681f10022f9ea7f83139f2,2026-01-14 22:56:16.821000+00:00,13.2,0.0,0.454844,34.248751
101990961244800348,6968229b022f9ea7f8313a8f,2026-01-14 23:11:23.216000+00:00,13.0,0.0,0.454844,34.248751
101990961244800348,69682625022f9ea7f8313b70,2026-01-14 23:26:29.645000+00:00,12.7,0.0,0.454844,34.248751
101990961244800348,696829b0022f9ea7f8313c1b,2026-01-14 23:41:36.048000+00:00,12.6,0.0,0.454844,34.248751
101990961244800348,69682d3a022f9ea7f8313cd5,2026-01-14 23:56:42.457000+00:00,12.5,0.0,0.454844,34.248751
101990961244800348,696830c4022f9ea7f8313d77,2026-01-15 00:11:48.835000+00:00,12.2,0.0,0.454844,34.248751
101990961244800348,6968344f022f9ea7f8313e25,2026-01-15 00:26:55.252000+00:00,12.1,0.0,0.454844,34.248751
101990961244800348,696837d9022f9ea7f8313eca,2026-01-15 00:42:01.654000+00:00,12.0,0.0,0.454844,34.248751
101990961244800348,69683b64022f9ea7f8313f93,2026-01-15 00:57:08.017000+00:00,11.9,0.0,0.454844,34.248751
101990961244800348,69683eee022f9ea7f831404b,2026-01-15 01:12:14.654000+00:00,11.7,0.0,0.454844,34.248751
101990961244800348,69684279022f9ea7f83140f2,2026-01-15 01:27:21.030000+00:00,11.7,0.0,0.454844,34.248751
101990961244800348,69684603022f9ea7f8314192,2026-01-15 01:42:27.419000+00:00,11.5,0.0,0.454844,34.248751
101990961244800348,6968498d022f9ea7f8314248,2026-01-15 01:57:33.820000+00:00,11.6,0.0,0.454844,34.248751
101990961244800348,69684d18022f9ea7f8314308,2026-01-15 02:12:40.218000+00:00,11.5,0.0,0.454844,34.248751
101990961244800348,696850a2022f9ea7f83143ad,2026-01-15 02:27:46.616000+00:00,11.6,0.0,0.454844,34.248751
101990961244800348,6968542d022f9ea7f831445e,2026-01-15 02:42:53.062000+00:00,11.3,0.0,0.454844,34.248751
101990961244800348,6968543c022f9ea7f8314468,2026-01-15 02:43:08.163000+00:00,11.3,0.0,0.454844,34.248751
101990961244800348,6968544b022f9ea7f831447c,2026-01-15 02:43:23.281000+00:00,11.3,0.0,0.454844,34.248751
101990961244800348,696857d5022f9ea7f8314525,2026-01-15 02:58:29.674000+00:00,11.3,0.0,0.454844,34.248751
101990961244800348,69685b60022f9ea7f83145d0,2026-01-15 03:13:36.073000+00:00,11.3,0.0,0.454844,34.248751
101990961244800348,69685eea022f9ea7f831466a,2026-01-15 03:28:42.456000+00:00,11.3,0.0,0.454844,34.248751
101990961244800348,69685ef9022f9ea7f8314676,2026-01-15 03:28:57.587000+00:00,11.3,0.0,0.454844,34.248751
101990961244800348,69686284022f9ea7f8314978,2026-01-15 03:44:03.976000+00:00,11.4,0.0,0.454844,34.248751
101990961244800348,6968660e022f9ea7f8314cac,2026-01-15 03:59:10.368000+00:00,11.1,0.0,0.454844,34.248751
101990961244800348,6968661d022f9ea7f8314cb8,2026-01-15 03:59:25.489000+00:00,11.1,0.0,0.454844,34.248751
101990961244800348,696869a8022f9ea7f8314fc1,2026-01-15 04:14:31.913000+00:00,11.2,0.0,0.454844,34.248751
101990961244800348,69686d32022f9ea7f8315161,2026-01-15 04:29:38.273000+00:00,11.6,0.0,0.454844,34.248751
101990961244800348,696870bc022f9ea7f831522d,2026-01-15 04:44:44.680000+00:00,13.8,0.0,0.454844,34.248751
101990961244800348,69695e7e022f9ea7f831c1a0,2026-01-15 21:39:10.600000+00:00,13.9,0.0,0.454844,34.248751
101990961244800348,69696209022f9ea7f831c252,2026-01-15 21:54:17.111000+00:00,13.7,0.0,0.454844,34.248751
101990961244800348,69696593022f9ea7f831c34b,2026-01-15 22:09:23.484000+00:00,13.5,0.0,0.454844,34.248751
101990961244800348,6969691e022f9ea7f831c3f6,2026-01-15 22:24:29.931000+00:00,13.3,0.0,0.454844,34.248751
101990961244800348,69696ca8022f9ea7f831c4c5,2026-01-15 22:39:36.473000+00:00,13.6,0.0,0.454844,34.248751
101990961244800348,69697032022f9ea7f831c576,2026-01-15 22:54:42.857000+00:00,13.2,0.0,0.454844,34.248751
101990961244800348,696973bd022f9ea7f831c624,2026-01-15 23:09:49.311000+00:00,12.8,0.0,0.454844,34.248751
101990961244800348,69697747022f9ea7f831c6ed,2026-01-15 23:24:55.712000+00:00,12.8,0.0,0.454844,34.248751
101990961244800348,69697ad2022f9ea7f831c789,2026-01-15 23:40:02.163000+00:00,12.6,0.0,0.454844,34.248751
101990961244800348,69697e5c022f9ea7f831c834,2026-01-15 23:55:08.549000+00:00,12.6,0.0,0.454844,34.248751
101990961244800348,696981e7022f9ea7f831c8fe,2026-01-16 00:10:14.973000+00:00,12.7,0.0,0.454844,34.248751
101990961244800348,69698571022f9ea7f831c9a6,2026-01-16 00:25:21.458000+00:00,12.5,0.0,0.454844,34.248751
101990961244800348,696988fb022f9ea7f831ca4e,2026-01-16 00:40:27.813000+00:00,12.4,0.0,0.454844,34.248751
101990961244800348,69698c86022f9ea7f831cb06,2026-01-16 00:55:34.221000+00:00,12.4,0.0,0.454844,34.248751
101990961244800348,69699010022f9ea7f831cbab,2026-01-16 01:10:40.660000+00:00,12.3,0.0,0.454844,34.248751
101990961244800348,6969939b022f9ea7f831cc5c,2026-01-16 01:25:47.064000+00:00,12.2,0.0,0.454844,34.248751
101990961244800348,69699725022f9ea7f831cd2e,2026-01-16 01:40:53.562000+00:00,12.3,0.0,0.454844,34.248751
101990961244800348,69699aaf022f9ea7f831ce09,2026-01-16 01:55:59.950000+00:00,12.2,0.0,0.454844,34.248751
101990961244800348,69699e3a022f9ea7f831cec3,2026-01-16 02:11:06.417000+00:00,12.5,0.0,0.454844,34.248751
101990961244800348,6969a1c5022f9ea7f831cf9b,2026-01-16 02:26:12.942000+00:00,12.5,0.0,0.454844,34.248751
101990961244800348,6969a54f022f9ea7f831d040,2026-01-16 02:41:19.365000+00:00,12.5,0.0,0.454844,34.248751
101990961244800348,6969a8d9022f9ea7f831d121,2026-01-16 02:56:25.765000+00:00,12.9,0.0,0.454844,34.248751
101990961244800348,6969ac64022f9ea7f831d1cc,2026-01-16 03:11:32.149000+00:00,12.8,0.0,0.454844,34.248751
101990961244800348,6969afee022f9ea7f831d275,2026-01-16 03:26:38.624000+00:00,13.1,0.0,0.454844,34.248751
101990961244800348,6969affd022f9ea7f831d280,2026-01-16 03:26:53.724000+00:00,13.1,0.0,0.454844,34.248751
101990961244800348,6969b388022f9ea7f831d346,2026-01-16 03:42:00.158000+00:00,12.8,0.0,0.454844,34.248751
101990961244800348,6969b712022f9ea7f831d40d,2026-01-16 03:57:06.531000+00:00,12.7,0.0,0.454844,34.248751
101990961244800348,6969ba9c022f9ea7f831d4b2,2026-01-16 04:12:12.906000+00:00,12.7,0.0,0.454844,34.248751
101990961244800348,6969baac022f9ea7f831d4be,2026-01-16 04:12:28.014000+00:00,12.7,0.0,0.454844,34.248751
101990961244800348,6969be36022f9ea7f831d564,2026-01-16 04:27:34.399000+00:00,12.9,0.0,0.454844,34.248751
101990961244800348,6969c1c0022f9ea7f831d622,2026-01-16 04:42:40.797000+00:00,13.9,0.0,0.454844,34.248751
101990961244800348,69718c38022f9ea7f8358bb7,2026-01-22 02:32:24.587000+00:00,13.7,0.0,0.454844,34.248751
101990961244800348,69718fc3022f9ea7f8358c7d,2026-01-22 02:47:31.057000+00:00,13.5,0.0,0.454844,34.248751
101990961244800348,6971934d022f9ea7f8358d1c,2026-01-22 03:02:37.440000+00:00,13.4,0.0,0.454844,34.248751
101990961244800348,697196d7022f9ea7f8358dc7,2026-01-22 03:17:43.891000+00:00,13.4,0.0,0.454844,34.248751
101990961244800348,69719a62022f9ea7f8358e83,2026-01-22 03:32:50.424000+00:00,13.5,0.0,0.454844,34.248751
101990961244800361,69670577022f9ea7f8305c9e,2026-01-14 02:54:47.823000+00:00,13.7,0.0,0.387436775139981,34.2448611987964
101990961244800361,69670902022f9ea7f8305d3f,2026-01-14 03:09:54.355000+00:00,13.3,0.0,0.387436775139981,34.2448611987964
101990961244800361,69670c8c022f9ea7f8305e0e,2026-01-14 03:25:00.763000+00:00,13.0,0.0,0.387436775139981,34.2448611987964
101990961244800361,69671017022f9ea7f8306072,2026-01-14 03:40:07.196000+00:00,12.6,0.0,0.387436775139981,34.2448611987964
101990961244800361,696713a1022f9ea7f830627b,2026-01-14 03:55:13.594000+00:00,13.1,0.0,0.387436775139981,34.2448611987964
101990961244800361,6967172c022f9ea7f83065e0,2026-01-14 04:10:20.020000+00:00,13.3,0.0,0.387436775139981,34.2448611987964
101990961244800361,69671ab6022f9ea7f83068db,2026-01-14 04:25:26.461000+00:00,13.5,0.0,0.387436775139981,34.2448611987964
101990961244800393,69212c96dab500a4c5d7be87,2025-11-22 03:23:02.343000+00:00,13.9,0.0,0.463305555555555,34.3022222222222
101990961244800393,6a84b575b2ae91168bf2e74c,2025-11-22 03:23:02.435000+00:00,13.9,0.0,0.463305555555555,34.3022222222222
101990961244800393,69670034022f9ea7f8305bb4,2026-01-14 02:32:20.638000+00:00,13.8,0.0,0.463305555555555,34.3022222222222
101990961244800393,696703bf022f9ea7f8305c59,2026-01-14 02:47:27.050000+00:00,13.8,0.0,0.463305555555555,34.3022222222222
101990961244800395,69226f33dab500a4c5d82452,2025-11-23 02:19:31.802000+00:00,13.9,0.0,0.501388888888888,34.3139166666666
101990961244800395,6a84b581b2ae91168bf2f13c,2025-11-23 02:19:31.878000+00:00,13.9,0.0,0.501388888888888,34.3139166666666
101990961244800395,692272bedab500a4c5d82578,2025-11-23 02:34:38.165000+00:00,13.9,0.0,0.501388888888888,34.3139166666666
101990961244800395,6a84b581b2ae91168bf2f157,2025-11-23 02:34:38.219000+00:00,13.9,0.0,0.501388888888888,34.3139166666666
101990961244800395,69227648dab500a4c5d82668,2025-11-23 02:49:44.559000+00:00,13.9,0.0,0.501388888888888,34.3139166666666
101990961244800395,6a84b582b2ae91168bf2f170,2025-11-23 02:49:44.623000+00:00,13.9,0.0,0.501388888888888,34.3139166666666
101990961244800395,69227657dab500a4c5d8267d,2025-11-23 02:49:59.675000+00:00,13.9,0.0,0.501388888888888,34.3139166666666
101990961244800395,6a84b582b2ae91168bf2f172,2025-11-23 02:49:59.736000+00:00,13.9,0.0,0.501388888888888,34.3139166666666
101990961244800395,6974b879022f9ea7f836e7b9,2026-01-24 12:18:01.816000+00:00,36.1,0.0,0.501388888888888,34.3139166666666
