dataset,device_id,variable,records,missing_or_invalid,missing_pct
iot,101990961244800001,record_id,30739,0,0.0
iot,101990961244800001,device_id,30739,0,0.0
iot,101990961244800001,dev_eui,30739,10430,33.930837047399066
iot,101990961244800001,application_id,30739,10430,33.930837047399066
iot,101990961244800001,received_at,30739,0,0.0
iot,101990961244800001,latitude,30739,0,0.0
iot,101990961244800001,longitude,30739,0,0.0
iot,101990961244800001,altitude,30739,0,0.0
iot,101990961244800001,air_temperature,30739,1352,4.398321350727089
iot,101990961244800001,air_humidity,30739,1352,4.398321350727089
iot,101990961244800001,barometric_pressure,30739,1556,5.0619733888545495
iot,101990961244800001,wind_speed,30739,1352,4.398321350727089
iot,101990961244800001,peak_wind_gust,30739,1350,4.391814958196428
iot,101990961244800001,wind_direction,30739,1556,5.0619733888545495
iot,101990961244800001,rain_accumulation,30739,1350,4.391814958196428
iot,101990961244800001,rain_gauge,30739,1556,5.0619733888545495
iot,101990961244800001,light_intensity,30739,1352,4.398321350727089
iot,101990961244800001,uv_index,30739,1352,4.398321350727089
iot,101990961244800001,sensor_error,30739,1133,3.6858713686196687
iot,101990961244800001,gateway_id,30739,10430,33.930837047399066
iot,101990961244800001,rssi,30739,10430,33.930837047399066
iot,101990961244800001,snr,30739,10430,33.930837047399066
iot,101990961244800005,record_id,25356,0,0.0
iot,101990961244800005,device_id,25356,0,0.0
iot,101990961244800005,dev_eui,25356,11036,43.52421517589525
iot,101990961244800005,application_id,25356,11036,43.52421517589525
iot,101990961244800005,received_at,25356,0,0.0
iot,101990961244800005,latitude,25356,0,0.0
iot,101990961244800005,longitude,25356,0,0.0
iot,101990961244800005,altitude,25356,0,0.0
iot,101990961244800005,air_temperature,25356,764,3.0130935478782144
iot,101990961244800005,air_humidity,25356,764,3.0130935478782144
iot,101990961244800005,barometric_pressure,25356,967,3.813693011516012
iot,101990961244800005,wind_speed,25356,764,3.0130935478782144
iot,101990961244800005,peak_wind_gust,25356,763,3.0091497081558605
iot,101990961244800005,wind_direction,25356,967,3.813693011516012
iot,101990961244800005,rain_accumulation,25356,763,3.0091497081558605
iot,101990961244800005,rain_gauge,25356,967,3.813693011516012
iot,101990961244800005,light_intensity,25356,764,3.0130935478782144
iot,101990961244800005,uv_index,25356,764,3.0130935478782144
iot,101990961244800005,sensor_error,25356,552,2.1769995267392335
iot,101990961244800005,gateway_id,25356,11036,43.52421517589525
iot,101990961244800005,rssi,25356,11036,43.52421517589525
iot,101990961244800005,snr,25356,11036,43.52421517589525
iot,101990961244800061,record_id,31001,0,0.0
iot,101990961244800061,device_id,31001,0,0.0
iot,101990961244800061,dev_eui,31001,9862,31.811877036224637
iot,101990961244800061,application_id,31001,9862,31.811877036224637
iot,101990961244800061,received_at,31001,0,0.0
iot,101990961244800061,latitude,31001,0,0.0
iot,101990961244800061,longitude,31001,0,0.0
iot,101990961244800061,altitude,31001,0,0.0
iot,101990961244800061,air_temperature,31001,1267,4.086964936614948
iot,101990961244800061,air_humidity,31001,1267,4.086964936614948
iot,101990961244800061,barometric_pressure,31001,1425,4.596625915293055
iot,101990961244800061,wind_speed,31001,1267,4.086964936614948
iot,101990961244800061,peak_wind_gust,31001,1261,4.067610722234766
iot,101990961244800061,wind_direction,31001,1425,4.596625915293055
iot,101990961244800061,rain_accumulation,31001,1261,4.067610722234766
iot,101990961244800061,rain_gauge,31001,1425,4.596625915293055
iot,101990961244800061,light_intensity,31001,1267,4.086964936614948
iot,101990961244800061,uv_index,31001,1267,4.086964936614948
iot,101990961244800061,sensor_error,31001,1022,3.296667849424212
iot,101990961244800061,gateway_id,31001,9862,31.811877036224637
iot,101990961244800061,rssi,31001,9862,31.811877036224637
iot,101990961244800061,snr,31001,9862,31.811877036224637
iot,101990961244800083,record_id,33783,0,0.0
iot,101990961244800083,device_id,33783,0,0.0
iot,101990961244800083,dev_eui,33783,10883,32.21442737471509
iot,101990961244800083,application_id,33783,10883,32.21442737471509
iot,101990961244800083,received_at,33783,0,0.0
iot,101990961244800083,latitude,33783,0,0.0
iot,101990961244800083,longitude,33783,0,0.0
iot,101990961244800083,altitude,33783,0,0.0
iot,101990961244800083,air_temperature,33783,2655,7.858982328390018
iot,101990961244800083,air_humidity,33783,2655,7.858982328390018
iot,101990961244800083,barometric_pressure,33783,2888,8.54867832933724
iot,101990961244800083,wind_speed,33783,2655,7.858982328390018
iot,101990961244800083,peak_wind_gust,33783,2654,7.8560222597164255
iot,101990961244800083,wind_direction,33783,2888,8.54867832933724
iot,101990961244800083,rain_accumulation,33783,2654,7.8560222597164255
iot,101990961244800083,rain_gauge,33783,2888,8.54867832933724
iot,101990961244800083,light_intensity,33783,2655,7.858982328390018
iot,101990961244800083,uv_index,33783,2655,7.858982328390018
iot,101990961244800083,sensor_error,33783,2411,7.136725572033271
iot,101990961244800083,gateway_id,33783,10883,32.21442737471509
iot,101990961244800083,rssi,33783,10883,32.21442737471509
iot,101990961244800083,snr,33783,10883,32.21442737471509
iot,101990961244800101,record_id,31471,0,0.0
iot,101990961244800101,device_id,31471,0,0.0
iot,101990961244800101,dev_eui,31471,10250,32.56966731276413
iot,101990961244800101,application_id,31471,10250,32.56966731276413
iot,101990961244800101,received_at,31471,0,0.0
iot,101990961244800101,latitude,31471,0,0.0
iot,101990961244800101,longitude,31471,0,0.0
iot,101990961244800101,altitude,31471,0,0.0
iot,101990961244800101,air_temperature,31471,2297,7.298783006577484
iot,101990961244800101,air_humidity,31471,2297,7.298783006577484
iot,101990961244800101,barometric_pressure,31471,2520,8.007371866162499
iot,101990961244800101,wind_speed,31471,2297,7.298783006577484
iot,101990961244800101,peak_wind_gust,31471,2295,7.292427949540847
iot,101990961244800101,wind_direction,31471,2520,8.007371866162499
iot,101990961244800101,rain_accumulation,31471,2295,7.292427949540847
iot,101990961244800101,rain_gauge,31471,2520,8.007371866162499
iot,101990961244800101,light_intensity,31471,2297,7.298783006577484
iot,101990961244800101,uv_index,31471,2297,7.298783006577484
iot,101990961244800101,sensor_error,31471,2053,6.523466048107782
iot,101990961244800101,gateway_id,31471,10250,32.56966731276413
iot,101990961244800101,rssi,31471,10250,32.56966731276413
iot,101990961244800101,snr,31471,10250,32.56966731276413
iot,101990961244800102,record_id,31858,0,0.0
iot,101990961244800102,device_id,31858,0,0.0
iot,101990961244800102,dev_eui,31858,10169,31.91976897482579
iot,101990961244800102,application_id,31858,10169,31.91976897482579
iot,101990961244800102,received_at,31858,0,0.0
iot,101990961244800102,latitude,31858,0,0.0
iot,101990961244800102,longitude,31858,0,0.0
iot,101990961244800102,altitude,31858,0,0.0
iot,101990961244800102,air_temperature,31858,2837,8.905141565697784
iot,101990961244800102,air_humidity,31858,2837,8.905141565697784
iot,101990961244800102,barometric_pressure,31858,3002,9.423064850273088
iot,101990961244800102,wind_speed,31858,2837,8.905141565697784
iot,101990961244800102,peak_wind_gust,31858,2835,8.898863707702931
iot,101990961244800102,wind_direction,31858,3002,9.423064850273088
iot,101990961244800102,rain_accumulation,31858,2835,8.898863707702931
iot,101990961244800102,rain_gauge,31858,3002,9.423064850273088
iot,101990961244800102,light_intensity,31858,2837,8.905141565697784
iot,101990961244800102,uv_index,31858,2837,8.905141565697784
iot,101990961244800102,sensor_error,31858,2609,8.189465754284639
iot,101990961244800102,gateway_id,31858,10169,31.91976897482579
iot,101990961244800102,rssi,31858,10169,31.91976897482579
iot,101990961244800102,snr,31858,10169,31.91976897482579
iot,101990961244800113,record_id,31984,0,0.0
iot,101990961244800113,device_id,31984,0,0.0
iot,101990961244800113,dev_eui,31984,10281,32.14419709854928
iot,101990961244800113,application_id,31984,10281,32.14419709854928
iot,101990961244800113,received_at,31984,0,0.0
iot,101990961244800113,latitude,31984,0,0.0
iot,101990961244800113,longitude,31984,0,0.0
iot,101990961244800113,altitude,31984,0,0.0
iot,101990961244800113,air_temperature,31984,2431,7.600675337668834
iot,101990961244800113,air_humidity,31984,2431,7.600675337668834
iot,101990961244800113,barometric_pressure,31984,2651,8.288519259629815
iot,101990961244800113,wind_speed,31984,2431,7.600675337668834
iot,101990961244800113,peak_wind_gust,31984,2429,7.594422211105552
iot,101990961244800113,wind_direction,31984,2651,8.288519259629815
iot,101990961244800113,rain_accumulation,31984,2429,7.594422211105552
iot,101990961244800113,rain_gauge,31984,2651,8.288519259629815
iot,101990961244800113,light_intensity,31984,2431,7.600675337668834
iot,101990961244800113,uv_index,31984,2431,7.600675337668834
iot,101990961244800113,sensor_error,31984,2189,6.844047023511756
iot,101990961244800113,gateway_id,31984,10281,32.14419709854928
iot,101990961244800113,rssi,31984,10281,32.14419709854928
iot,101990961244800113,snr,31984,10281,32.14419709854928
iot,101990961244800131,record_id,16754,0,0.0
iot,101990961244800131,device_id,16754,0,0.0
iot,101990961244800131,dev_eui,16754,0,0.0
iot,101990961244800131,application_id,16754,0,0.0
iot,101990961244800131,received_at,16754,0,0.0
iot,101990961244800131,latitude,16754,0,0.0
iot,101990961244800131,longitude,16754,0,0.0
iot,101990961244800131,altitude,16754,0,0.0
iot,101990961244800131,air_temperature,16754,1303,7.777247224543393
iot,101990961244800131,air_humidity,16754,1303,7.777247224543393
iot,101990961244800131,barometric_pressure,16754,1451,8.660618359794675
iot,101990961244800131,wind_speed,16754,1303,7.777247224543393
iot,101990961244800131,peak_wind_gust,16754,1291,7.705622537901396
iot,101990961244800131,wind_direction,16754,1451,8.660618359794675
iot,101990961244800131,rain_accumulation,16754,1291,7.705622537901396
iot,101990961244800131,rain_gauge,16754,1451,8.660618359794675
iot,101990961244800131,light_intensity,16754,1303,7.777247224543393
iot,101990961244800131,uv_index,16754,1303,7.777247224543393
iot,101990961244800131,sensor_error,16754,1105,6.595439894950459
iot,101990961244800131,gateway_id,16754,0,0.0
iot,101990961244800131,rssi,16754,0,0.0
iot,101990961244800131,snr,16754,0,0.0
iot,101990961244800184,record_id,30932,0,0.0
iot,101990961244800184,device_id,30932,0,0.0
iot,101990961244800184,dev_eui,30932,10527,34.03271692745377
iot,101990961244800184,application_id,30932,10527,34.03271692745377
iot,101990961244800184,received_at,30932,0,0.0
iot,101990961244800184,latitude,30932,0,0.0
iot,101990961244800184,longitude,30932,0,0.0
iot,101990961244800184,altitude,30932,0,0.0
iot,101990961244800184,air_temperature,30932,2709,8.757920600025864
iot,101990961244800184,air_humidity,30932,2709,8.757920600025864
iot,101990961244800184,barometric_pressure,30932,2866,9.265485581275055
iot,101990961244800184,wind_speed,30932,2709,8.757920600025864
iot,101990961244800184,peak_wind_gust,30932,2689,8.693262640631062
iot,101990961244800184,wind_direction,30932,2866,9.265485581275055
iot,101990961244800184,rain_accumulation,30932,2689,8.693262640631062
iot,101990961244800184,rain_gauge,30932,2866,9.265485581275055
iot,101990961244800184,light_intensity,30932,2709,8.757920600025864
iot,101990961244800184,uv_index,30932,2709,8.757920600025864
iot,101990961244800184,sensor_error,30932,2478,8.011121169015906
iot,101990961244800184,gateway_id,30932,10527,34.03271692745377
iot,101990961244800184,rssi,30932,10527,34.03271692745377
iot,101990961244800184,snr,30932,10527,34.03271692745377
iot,101990961244800201,record_id,26166,0,0.0
iot,101990961244800201,device_id,26166,0,0.0
iot,101990961244800201,dev_eui,26166,10369,39.62776121684629
iot,101990961244800201,application_id,26166,10369,39.62776121684629
iot,101990961244800201,received_at,26166,0,0.0
iot,101990961244800201,latitude,26166,0,0.0
iot,101990961244800201,longitude,26166,0,0.0
iot,101990961244800201,altitude,26166,0,0.0
iot,101990961244800201,air_temperature,26166,910,3.4777956126270735
iot,101990961244800201,air_humidity,26166,910,3.4777956126270735
iot,101990961244800201,barometric_pressure,26166,1056,4.035771612015592
iot,101990961244800201,wind_speed,26166,910,3.4777956126270735
iot,101990961244800201,peak_wind_gust,26166,902,3.447221585263319
iot,101990961244800201,wind_direction,26166,1056,4.035771612015592
iot,101990961244800201,rain_accumulation,26166,902,3.447221585263319
iot,101990961244800201,rain_gauge,26166,1056,4.035771612015592
iot,101990961244800201,light_intensity,26166,910,3.4777956126270735
iot,101990961244800201,uv_index,26166,910,3.4777956126270735
iot,101990961244800201,sensor_error,26166,714,2.7287319422150884
iot,101990961244800201,gateway_id,26166,10369,39.62776121684629
iot,101990961244800201,rssi,26166,10369,39.62776121684629
iot,101990961244800201,snr,26166,10369,39.62776121684629
iot,101990961244800207,record_id,30144,0,0.0
iot,101990961244800207,device_id,30144,0,0.0
iot,101990961244800207,dev_eui,30144,9374,31.0973991507431
iot,101990961244800207,application_id,30144,9374,31.0973991507431
iot,101990961244800207,received_at,30144,0,0.0
iot,101990961244800207,latitude,30144,0,0.0
iot,101990961244800207,longitude,30144,0,0.0
iot,101990961244800207,altitude,30144,0,0.0
iot,101990961244800207,air_temperature,30144,2018,6.6945329087048835
iot,101990961244800207,air_humidity,30144,2018,6.6945329087048835
iot,101990961244800207,barometric_pressure,30144,2194,7.27839702760085
iot,101990961244800207,wind_speed,30144,2018,6.6945329087048835
iot,101990961244800207,peak_wind_gust,30144,2018,6.6945329087048835
iot,101990961244800207,wind_direction,30144,2194,7.27839702760085
iot,101990961244800207,rain_accumulation,30144,2018,6.6945329087048835
iot,101990961244800207,rain_gauge,30144,2194,7.27839702760085
iot,101990961244800207,light_intensity,30144,2018,6.6945329087048835
iot,101990961244800207,uv_index,30144,2018,6.6945329087048835
iot,101990961244800207,sensor_error,30144,1794,5.951433121019108
iot,101990961244800207,gateway_id,30144,9374,31.0973991507431
iot,101990961244800207,rssi,30144,9374,31.0973991507431
iot,101990961244800207,snr,30144,9374,31.0973991507431
iot,101990961244800222,record_id,16270,0,0.0
iot,101990961244800222,device_id,16270,0,0.0
iot,101990961244800222,dev_eui,16270,6441,39.58819913952059
iot,101990961244800222,application_id,16270,6441,39.58819913952059
iot,101990961244800222,received_at,16270,0,0.0
iot,101990961244800222,latitude,16270,0,0.0
iot,101990961244800222,longitude,16270,0,0.0
iot,101990961244800222,altitude,16270,0,0.0
iot,101990961244800222,air_temperature,16270,802,4.929317762753534
iot,101990961244800222,air_humidity,16270,802,4.929317762753534
iot,101990961244800222,barometric_pressure,16270,956,5.875845113706208
iot,101990961244800222,wind_speed,16270,802,4.929317762753534
iot,101990961244800222,peak_wind_gust,16270,801,4.923171481253841
iot,101990961244800222,wind_direction,16270,956,5.875845113706208
iot,101990961244800222,rain_accumulation,16270,801,4.923171481253841
iot,101990961244800222,rain_gauge,16270,956,5.875845113706208
iot,101990961244800222,light_intensity,16270,802,4.929317762753534
iot,101990961244800222,uv_index,16270,802,4.929317762753534
iot,101990961244800222,sensor_error,16270,643,3.952059004302397
iot,101990961244800222,gateway_id,16270,6441,39.58819913952059
iot,101990961244800222,rssi,16270,6441,39.58819913952059
iot,101990961244800222,snr,16270,6441,39.58819913952059
iot,101990961244800246,record_id,26733,0,0.0
iot,101990961244800246,device_id,26733,0,0.0
iot,101990961244800246,dev_eui,26733,10922,40.85587102083567
iot,101990961244800246,application_id,26733,10922,40.85587102083567
iot,101990961244800246,received_at,26733,0,0.0
iot,101990961244800246,latitude,26733,0,0.0
iot,101990961244800246,longitude,26733,0,0.0
iot,101990961244800246,altitude,26733,0,0.0
iot,101990961244800246,air_temperature,26733,866,3.2394418883028466
iot,101990961244800246,air_humidity,26733,866,3.2394418883028466
iot,101990961244800246,barometric_pressure,26733,988,3.695806680881308
iot,101990961244800246,wind_speed,26733,866,3.2394418883028466
iot,101990961244800246,peak_wind_gust,26733,866,3.2394418883028466
iot,101990961244800246,wind_direction,26733,988,3.695806680881308
iot,101990961244800246,rain_accumulation,26733,866,3.2394418883028466
iot,101990961244800246,rain_gauge,26733,988,3.695806680881308
iot,101990961244800246,light_intensity,26733,866,3.2394418883028466
iot,101990961244800246,uv_index,26733,866,3.2394418883028466
iot,101990961244800246,sensor_error,26733,696,2.603523734709909
iot,101990961244800246,gateway_id,26733,10922,40.85587102083567
iot,101990961244800246,rssi,26733,10922,40.85587102083567
iot,101990961244800246,snr,26733,10922,40.85587102083567
iot,101990961244800270,record_id,19418,0,0.0
iot,101990961244800270,device_id,19418,0,0.0
iot,101990961244800270,dev_eui,19418,8237,42.419404676073746
iot,101990961244800270,application_id,19418,8237,42.419404676073746
iot,101990961244800270,received_at,19418,0,0.0
iot,101990961244800270,latitude,19418,0,0.0
iot,101990961244800270,longitude,19418,0,0.0
iot,101990961244800270,altitude,19418,0,0.0
iot,101990961244800270,air_temperature,19418,1075,5.536100525285817
iot,101990961244800270,air_humidity,19418,1075,5.536100525285817
iot,101990961244800270,barometric_pressure,19418,1249,6.432176331239057
iot,101990961244800270,wind_speed,19418,1075,5.536100525285817
iot,101990961244800270,peak_wind_gust,19418,1069,5.505201359563292
iot,101990961244800270,wind_direction,19418,1249,6.432176331239057
iot,101990961244800270,rain_accumulation,19418,1069,5.505201359563292
iot,101990961244800270,rain_gauge,19418,1249,6.432176331239057
iot,101990961244800270,light_intensity,19418,1075,5.536100525285817
iot,101990961244800270,uv_index,19418,1075,5.536100525285817
iot,101990961244800270,sensor_error,19418,921,4.743021938407663
iot,101990961244800270,gateway_id,19418,8237,42.419404676073746
iot,101990961244800270,rssi,19418,8237,42.419404676073746
iot,101990961244800270,snr,19418,8237,42.419404676073746
iot,101990961244800281,record_id,24426,0,0.0
iot,101990961244800281,device_id,24426,0,0.0
iot,101990961244800281,dev_eui,24426,9473,38.78244493572423
iot,101990961244800281,application_id,24426,9473,38.78244493572423
iot,101990961244800281,received_at,24426,0,0.0
iot,101990961244800281,latitude,24426,0,0.0
iot,101990961244800281,longitude,24426,0,0.0
iot,101990961244800281,altitude,24426,0,0.0
iot,101990961244800281,air_temperature,24426,1346,5.510521575370507
iot,101990961244800281,air_humidity,24426,1346,5.510521575370507
iot,101990961244800281,barometric_pressure,24426,1612,6.599525096208958
iot,101990961244800281,wind_speed,24426,1346,5.510521575370507
iot,101990961244800281,peak_wind_gust,24426,1340,5.485957586178662
iot,101990961244800281,wind_direction,24426,1612,6.599525096208958
iot,101990961244800281,rain_accumulation,24426,1340,5.485957586178662
iot,101990961244800281,rain_gauge,24426,1612,6.599525096208958
iot,101990961244800281,light_intensity,24426,1346,5.510521575370507
iot,101990961244800281,uv_index,24426,1346,5.510521575370507
iot,101990961244800281,sensor_error,24426,1143,4.679439941046426
iot,101990961244800281,gateway_id,24426,9473,38.78244493572423
iot,101990961244800281,rssi,24426,9473,38.78244493572423
iot,101990961244800281,snr,24426,9473,38.78244493572423
iot,101990961244800302,record_id,28972,0,0.0
iot,101990961244800302,device_id,28972,0,0.0
iot,101990961244800302,dev_eui,28972,10923,37.70191909429794
iot,101990961244800302,application_id,28972,10923,37.70191909429794
iot,101990961244800302,received_at,28972,0,0.0
iot,101990961244800302,latitude,28972,0,0.0
iot,101990961244800302,longitude,28972,0,0.0
iot,101990961244800302,altitude,28972,0,0.0
iot,101990961244800302,air_temperature,28972,1098,3.789866077592158
iot,101990961244800302,air_humidity,28972,1098,3.789866077592158
iot,101990961244800302,barometric_pressure,28972,1310,4.521607068894105
iot,101990961244800302,wind_speed,28972,1098,3.789866077592158
iot,101990961244800302,peak_wind_gust,28972,1080,3.727737125500483
iot,101990961244800302,wind_direction,28972,1310,4.521607068894105
iot,101990961244800302,rain_accumulation,28972,1080,3.727737125500483
iot,101990961244800302,rain_gauge,28972,1310,4.521607068894105
iot,101990961244800302,light_intensity,28972,1098,3.789866077592158
iot,101990961244800302,uv_index,28972,1098,3.789866077592158
iot,101990961244800302,sensor_error,28972,848,2.926963965207787
iot,101990961244800302,gateway_id,28972,10923,37.70191909429794
iot,101990961244800302,rssi,28972,10923,37.70191909429794
iot,101990961244800302,snr,28972,10923,37.70191909429794
iot,101990961244800306,record_id,31885,0,0.0
iot,101990961244800306,device_id,31885,0,0.0
iot,101990961244800306,dev_eui,31885,10319,32.36318017876744
iot,101990961244800306,application_id,31885,10319,32.36318017876744
iot,101990961244800306,received_at,31885,0,0.0
iot,101990961244800306,latitude,31885,0,0.0
iot,101990961244800306,longitude,31885,0,0.0
iot,101990961244800306,altitude,31885,0,0.0
iot,101990961244800306,air_temperature,31885,3213,10.076838638858398
iot,101990961244800306,air_humidity,31885,3213,10.076838638858398
iot,101990961244800306,barometric_pressure,31885,3425,10.74172808530657
iot,101990961244800306,wind_speed,31885,3213,10.076838638858398
iot,101990961244800306,peak_wind_gust,31885,3192,10.010976948408343
iot,101990961244800306,wind_direction,31885,3425,10.74172808530657
iot,101990961244800306,rain_accumulation,31885,3192,10.010976948408343
iot,101990961244800306,rain_gauge,31885,3425,10.74172808530657
iot,101990961244800306,light_intensity,31885,3213,10.076838638858398
iot,101990961244800306,uv_index,31885,3213,10.076838638858398
iot,101990961244800306,sensor_error,31885,2954,9.264544456641055
iot,101990961244800306,gateway_id,31885,10319,32.36318017876744
iot,101990961244800306,rssi,31885,10319,32.36318017876744
iot,101990961244800306,snr,31885,10319,32.36318017876744
iot,101990961244800317,record_id,33975,0,0.0
iot,101990961244800317,device_id,33975,0,0.0
iot,101990961244800317,dev_eui,33975,11715,34.48123620309051
iot,101990961244800317,application_id,33975,11715,34.48123620309051
iot,101990961244800317,received_at,33975,0,0.0
iot,101990961244800317,latitude,33975,0,0.0
iot,101990961244800317,longitude,33975,0,0.0
iot,101990961244800317,altitude,33975,0,0.0
iot,101990961244800317,air_temperature,33975,1858,5.468727005150846
iot,101990961244800317,air_humidity,33975,1858,5.468727005150846
iot,101990961244800317,barometric_pressure,33975,2021,5.948491537895511
iot,101990961244800317,wind_speed,33975,1858,5.468727005150846
iot,101990961244800317,peak_wind_gust,33975,1829,5.38337012509198
iot,101990961244800317,wind_direction,33975,2021,5.948491537895511
iot,101990961244800317,rain_accumulation,33975,1829,5.38337012509198
iot,101990961244800317,rain_gauge,33975,2021,5.948491537895511
iot,101990961244800317,light_intensity,33975,1858,5.468727005150846
iot,101990961244800317,uv_index,33975,1858,5.468727005150846
iot,101990961244800317,sensor_error,33975,1597,4.700515084621045
iot,101990961244800317,gateway_id,33975,11715,34.48123620309051
iot,101990961244800317,rssi,33975,11715,34.48123620309051
iot,101990961244800317,snr,33975,11715,34.48123620309051
iot,101990961244800336,record_id,28438,0,0.0
iot,101990961244800336,device_id,28438,0,0.0
iot,101990961244800336,dev_eui,28438,10059,35.371685772557846
iot,101990961244800336,application_id,28438,10059,35.371685772557846
iot,101990961244800336,received_at,28438,0,0.0
iot,101990961244800336,latitude,28438,0,0.0
iot,101990961244800336,longitude,28438,0,0.0
iot,101990961244800336,altitude,28438,0,0.0
iot,101990961244800336,air_temperature,28438,1856,6.526478655320346
iot,101990961244800336,air_humidity,28438,1856,6.526478655320346
iot,101990961244800336,barometric_pressure,28438,2129,7.486461776496237
iot,101990961244800336,wind_speed,28438,1856,6.526478655320346
iot,101990961244800336,peak_wind_gust,28438,1850,6.505380125184612
iot,101990961244800336,wind_direction,28438,2129,7.486461776496237
iot,101990961244800336,rain_accumulation,28438,1850,6.505380125184612
iot,101990961244800336,rain_gauge,28438,2129,7.486461776496237
iot,101990961244800336,light_intensity,28438,1856,6.526478655320346
iot,101990961244800336,uv_index,28438,1856,6.526478655320346
iot,101990961244800336,sensor_error,28438,1633,5.742316618608903
iot,101990961244800336,gateway_id,28438,10059,35.371685772557846
iot,101990961244800336,rssi,28438,10059,35.371685772557846
iot,101990961244800336,snr,28438,10059,35.371685772557846
iot,101990961244800342,record_id,26685,0,0.0
iot,101990961244800342,device_id,26685,0,0.0
iot,101990961244800342,dev_eui,26685,10482,39.2804946599213
iot,101990961244800342,application_id,26685,10482,39.2804946599213
iot,101990961244800342,received_at,26685,0,0.0
iot,101990961244800342,latitude,26685,0,0.0
iot,101990961244800342,longitude,26685,0,0.0
iot,101990961244800342,altitude,26685,0,0.0
iot,101990961244800342,air_temperature,26685,918,3.440134907251265
iot,101990961244800342,air_humidity,26685,918,3.440134907251265
iot,101990961244800342,barometric_pressure,26685,1099,4.118418587221285
iot,101990961244800342,wind_speed,26685,918,3.440134907251265
iot,101990961244800342,peak_wind_gust,26685,917,3.4363874836050217
iot,101990961244800342,wind_direction,26685,1099,4.118418587221285
iot,101990961244800342,rain_accumulation,26685,917,3.4363874836050217
iot,101990961244800342,rain_gauge,26685,1099,4.118418587221285
iot,101990961244800342,light_intensity,26685,918,3.440134907251265
iot,101990961244800342,uv_index,26685,918,3.440134907251265
iot,101990961244800342,sensor_error,26685,710,2.6606707888326775
iot,101990961244800342,gateway_id,26685,10482,39.2804946599213
iot,101990961244800342,rssi,26685,10482,39.2804946599213
iot,101990961244800342,snr,26685,10482,39.2804946599213
iot,101990961244800348,record_id,31773,0,0.0
iot,101990961244800348,device_id,31773,0,0.0
iot,101990961244800348,dev_eui,31773,11761,37.01570515846788
iot,101990961244800348,application_id,31773,11761,37.01570515846788
iot,101990961244800348,received_at,31773,0,0.0
iot,101990961244800348,latitude,31773,0,0.0
iot,101990961244800348,longitude,31773,0,0.0
iot,101990961244800348,altitude,31773,0,0.0
iot,101990961244800348,air_temperature,31773,1175,3.6981084568658926
iot,101990961244800348,air_humidity,31773,1175,3.6981084568658926
iot,101990961244800348,barometric_pressure,31773,1364,4.292953136310704
iot,101990961244800348,wind_speed,31773,1175,3.6981084568658926
iot,101990961244800348,peak_wind_gust,31773,1167,3.672929846095742
iot,101990961244800348,wind_direction,31773,1364,4.292953136310704
iot,101990961244800348,rain_accumulation,31773,1167,3.672929846095742
iot,101990961244800348,rain_gauge,31773,1364,4.292953136310704
iot,101990961244800348,light_intensity,31773,1175,3.6981084568658926
iot,101990961244800348,uv_index,31773,1175,3.6981084568658926
iot,101990961244800348,sensor_error,31773,946,2.977370723570327
iot,101990961244800348,gateway_id,31773,11761,37.01570515846788
iot,101990961244800348,rssi,31773,11761,37.01570515846788
iot,101990961244800348,snr,31773,11761,37.01570515846788
iot,101990961244800361,record_id,16942,0,0.0
iot,101990961244800361,device_id,16942,0,0.0
iot,101990961244800361,dev_eui,16942,267,1.5759650572541613
iot,101990961244800361,application_id,16942,267,1.5759650572541613
iot,101990961244800361,received_at,16942,0,0.0
iot,101990961244800361,latitude,16942,0,0.0
iot,101990961244800361,longitude,16942,0,0.0
iot,101990961244800361,altitude,16942,0,0.0
iot,101990961244800361,air_temperature,16942,1393,8.222169755636878
iot,101990961244800361,air_humidity,16942,1393,8.222169755636878
iot,101990961244800361,barometric_pressure,16942,1602,9.455790343524967
iot,101990961244800361,wind_speed,16942,1393,8.222169755636878
iot,101990961244800361,peak_wind_gust,16942,1391,8.2103647739346
iot,101990961244800361,wind_direction,16942,1602,9.455790343524967
iot,101990961244800361,rain_accumulation,16942,1391,8.2103647739346
iot,101990961244800361,rain_gauge,16942,1602,9.455790343524967
iot,101990961244800361,light_intensity,16942,1393,8.222169755636878
iot,101990961244800361,uv_index,16942,1393,8.222169755636878
iot,101990961244800361,sensor_error,16942,1187,7.006256640302207
iot,101990961244800361,gateway_id,16942,267,1.5759650572541613
iot,101990961244800361,rssi,16942,267,1.5759650572541613
iot,101990961244800361,snr,16942,267,1.5759650572541613
iot,101990961244800375,record_id,21138,0,0.0
iot,101990961244800375,device_id,21138,0,0.0
iot,101990961244800375,dev_eui,21138,8655,40.94521714447914
iot,101990961244800375,application_id,21138,8655,40.94521714447914
iot,101990961244800375,received_at,21138,0,0.0
iot,101990961244800375,latitude,21138,0,0.0
iot,101990961244800375,longitude,21138,0,0.0
iot,101990961244800375,altitude,21138,0,0.0
iot,101990961244800375,air_temperature,21138,837,3.959693443088277
iot,101990961244800375,air_humidity,21138,837,3.959693443088277
iot,101990961244800375,barometric_pressure,21138,1072,5.071435329737913
iot,101990961244800375,wind_speed,21138,837,3.959693443088277
iot,101990961244800375,peak_wind_gust,21138,836,3.9549626265493423
iot,101990961244800375,wind_direction,21138,1072,5.071435329737913
iot,101990961244800375,rain_accumulation,21138,836,3.9549626265493423
iot,101990961244800375,rain_gauge,21138,1072,5.071435329737913
iot,101990961244800375,light_intensity,21138,837,3.959693443088277
iot,101990961244800375,uv_index,21138,837,3.959693443088277
iot,101990961244800375,sensor_error,21138,663,3.1365313653136533
iot,101990961244800375,gateway_id,21138,8655,40.94521714447914
iot,101990961244800375,rssi,21138,8655,40.94521714447914
iot,101990961244800375,snr,21138,8655,40.94521714447914
iot,101990961244800389,record_id,31387,0,0.0
iot,101990961244800389,device_id,31387,0,0.0
iot,101990961244800389,dev_eui,31387,11490,36.607512664478925
iot,101990961244800389,application_id,31387,11490,36.607512664478925
iot,101990961244800389,received_at,31387,0,0.0
iot,101990961244800389,latitude,31387,0,0.0
iot,101990961244800389,longitude,31387,0,0.0
iot,101990961244800389,altitude,31387,0,0.0
iot,101990961244800389,air_temperature,31387,1801,5.738044413292127
iot,101990961244800389,air_humidity,31387,1801,5.738044413292127
iot,101990961244800389,barometric_pressure,31387,2026,6.454901710899417
iot,101990961244800389,wind_speed,31387,1801,5.738044413292127
iot,101990961244800389,peak_wind_gust,31387,1797,5.725300283556886
iot,101990961244800389,wind_direction,31387,2026,6.454901710899417
iot,101990961244800389,rain_accumulation,31387,1797,5.725300283556886
iot,101990961244800389,rain_gauge,31387,2026,6.454901710899417
iot,101990961244800389,light_intensity,31387,1801,5.738044413292127
iot,101990961244800389,uv_index,31387,1801,5.738044413292127
iot,101990961244800389,sensor_error,31387,1580,5.033931245420078
iot,101990961244800389,gateway_id,31387,11490,36.607512664478925
iot,101990961244800389,rssi,31387,11490,36.607512664478925
iot,101990961244800389,snr,31387,11490,36.607512664478925
iot,101990961244800393,record_id,28922,0,0.0
iot,101990961244800393,device_id,28922,0,0.0
iot,101990961244800393,dev_eui,28922,9140,31.60224050895512
iot,101990961244800393,application_id,28922,9140,31.60224050895512
iot,101990961244800393,received_at,28922,0,0.0
iot,101990961244800393,latitude,28922,0,0.0
iot,101990961244800393,longitude,28922,0,0.0
iot,101990961244800393,altitude,28922,0,0.0
iot,101990961244800393,air_temperature,28922,1613,5.577069358965494
iot,101990961244800393,air_humidity,28922,1613,5.577069358965494
iot,101990961244800393,barometric_pressure,28922,1782,6.161399626581841
iot,101990961244800393,wind_speed,28922,1613,5.577069358965494
iot,101990961244800393,peak_wind_gust,28922,1606,5.552866330129313
iot,101990961244800393,wind_direction,28922,1782,6.161399626581841
iot,101990961244800393,rain_accumulation,28922,1606,5.552866330129313
iot,101990961244800393,rain_gauge,28922,1782,6.161399626581841
iot,101990961244800393,light_intensity,28922,1613,5.577069358965494
iot,101990961244800393,uv_index,28922,1613,5.577069358965494
iot,101990961244800393,sensor_error,28922,1371,4.740336076343268
iot,101990961244800393,gateway_id,28922,9140,31.60224050895512
iot,101990961244800393,rssi,28922,9140,31.60224050895512
iot,101990961244800393,snr,28922,9140,31.60224050895512
iot,101990961244800395,record_id,30319,0,0.0
iot,101990961244800395,device_id,30319,0,0.0
iot,101990961244800395,dev_eui,30319,10931,36.05329991094693
iot,101990961244800395,application_id,30319,10931,36.05329991094693
iot,101990961244800395,received_at,30319,0,0.0
iot,101990961244800395,latitude,30319,0,0.0
iot,101990961244800395,longitude,30319,0,0.0
iot,101990961244800395,altitude,30319,0,0.0
iot,101990961244800395,air_temperature,30319,1667,5.498202447310267
iot,101990961244800395,air_humidity,30319,1667,5.498202447310267
iot,101990961244800395,barometric_pressure,30319,1923,6.342557472212144
iot,101990961244800395,wind_speed,30319,1667,5.498202447310267
iot,101990961244800395,peak_wind_gust,30319,1660,5.475114614598107
iot,101990961244800395,wind_direction,30319,1923,6.342557472212144
iot,101990961244800395,rain_accumulation,30319,1660,5.475114614598107
iot,101990961244800395,rain_gauge,30319,1923,6.342557472212144
iot,101990961244800395,light_intensity,30319,1667,5.498202447310267
iot,101990961244800395,uv_index,30319,1667,5.498202447310267
iot,101990961244800395,sensor_error,30319,1432,4.7231109205448725
iot,101990961244800395,gateway_id,30319,10931,36.05329991094693
iot,101990961244800395,rssi,30319,10931,36.05329991094693
iot,101990961244800395,snr,30319,10931,36.05329991094693
openmeteo,101990961244800001,device_id,9840,0,0.0
openmeteo,101990961244800001,latitude,9840,0,0.0
openmeteo,101990961244800001,longitude,9840,0,0.0
openmeteo,101990961244800001,altitude,9840,0,0.0
openmeteo,101990961244800001,timestamp,9840,0,0.0
openmeteo,101990961244800001,temperature_2m,9840,0,0.0
openmeteo,101990961244800001,relative_humidity_2m,9840,0,0.0
openmeteo,101990961244800001,surface_pressure,9840,0,0.0
openmeteo,101990961244800001,wind_speed_10m,9840,0,0.0
openmeteo,101990961244800001,wind_gusts_10m,9840,0,0.0
openmeteo,101990961244800001,wind_direction_10m,9840,0,0.0
openmeteo,101990961244800001,precipitation,9840,0,0.0
openmeteo,101990961244800001,uv_index,9840,9840,100.0
openmeteo,101990961244800005,device_id,9840,0,0.0
openmeteo,101990961244800005,latitude,9840,0,0.0
openmeteo,101990961244800005,longitude,9840,0,0.0
openmeteo,101990961244800005,altitude,9840,0,0.0
openmeteo,101990961244800005,timestamp,9840,0,0.0
openmeteo,101990961244800005,temperature_2m,9840,0,0.0
openmeteo,101990961244800005,relative_humidity_2m,9840,0,0.0
openmeteo,101990961244800005,surface_pressure,9840,0,0.0
openmeteo,101990961244800005,wind_speed_10m,9840,0,0.0
openmeteo,101990961244800005,wind_gusts_10m,9840,0,0.0
openmeteo,101990961244800005,wind_direction_10m,9840,0,0.0
openmeteo,101990961244800005,precipitation,9840,0,0.0
openmeteo,101990961244800005,uv_index,9840,9840,100.0
openmeteo,101990961244800061,device_id,9840,0,0.0
openmeteo,101990961244800061,latitude,9840,0,0.0
openmeteo,101990961244800061,longitude,9840,0,0.0
openmeteo,101990961244800061,altitude,9840,0,0.0
openmeteo,101990961244800061,timestamp,9840,0,0.0
openmeteo,101990961244800061,temperature_2m,9840,0,0.0
openmeteo,101990961244800061,relative_humidity_2m,9840,0,0.0
openmeteo,101990961244800061,surface_pressure,9840,0,0.0
openmeteo,101990961244800061,wind_speed_10m,9840,0,0.0
openmeteo,101990961244800061,wind_gusts_10m,9840,0,0.0
openmeteo,101990961244800061,wind_direction_10m,9840,0,0.0
openmeteo,101990961244800061,precipitation,9840,0,0.0
openmeteo,101990961244800061,uv_index,9840,9840,100.0
openmeteo,101990961244800083,device_id,9840,0,0.0
openmeteo,101990961244800083,latitude,9840,0,0.0
openmeteo,101990961244800083,longitude,9840,0,0.0
openmeteo,101990961244800083,altitude,9840,0,0.0
openmeteo,101990961244800083,timestamp,9840,0,0.0
openmeteo,101990961244800083,temperature_2m,9840,0,0.0
openmeteo,101990961244800083,relative_humidity_2m,9840,0,0.0
openmeteo,101990961244800083,surface_pressure,9840,0,0.0
openmeteo,101990961244800083,wind_speed_10m,9840,0,0.0
openmeteo,101990961244800083,wind_gusts_10m,9840,9840,100.0
openmeteo,101990961244800083,wind_direction_10m,9840,0,0.0
openmeteo,101990961244800083,precipitation,9840,0,0.0
openmeteo,101990961244800083,uv_index,9840,9840,100.0
openmeteo,101990961244800101,device_id,9840,0,0.0
openmeteo,101990961244800101,latitude,9840,0,0.0
openmeteo,101990961244800101,longitude,9840,0,0.0
openmeteo,101990961244800101,altitude,9840,0,0.0
openmeteo,101990961244800101,timestamp,9840,0,0.0
openmeteo,101990961244800101,temperature_2m,9840,0,0.0
openmeteo,101990961244800101,relative_humidity_2m,9840,0,0.0
openmeteo,101990961244800101,surface_pressure,9840,0,0.0
openmeteo,101990961244800101,wind_speed_10m,9840,0,0.0
openmeteo,101990961244800101,wind_gusts_10m,9840,0,0.0
openmeteo,101990961244800101,wind_direction_10m,9840,0,0.0
openmeteo,101990961244800101,precipitation,9840,0,0.0
openmeteo,101990961244800101,uv_index,9840,9840,100.0
openmeteo,101990961244800102,device_id,9840,0,0.0
openmeteo,101990961244800102,latitude,9840,0,0.0
openmeteo,101990961244800102,longitude,9840,0,0.0
openmeteo,101990961244800102,altitude,9840,0,0.0
openmeteo,101990961244800102,timestamp,9840,0,0.0
openmeteo,101990961244800102,temperature_2m,9840,0,0.0
openmeteo,101990961244800102,relative_humidity_2m,9840,0,0.0
openmeteo,101990961244800102,surface_pressure,9840,0,0.0
openmeteo,101990961244800102,wind_speed_10m,9840,0,0.0
openmeteo,101990961244800102,wind_gusts_10m,9840,0,0.0
openmeteo,101990961244800102,wind_direction_10m,9840,0,0.0
openmeteo,101990961244800102,precipitation,9840,0,0.0
openmeteo,101990961244800102,uv_index,9840,9840,100.0
openmeteo,101990961244800113,device_id,9840,0,0.0
openmeteo,101990961244800113,latitude,9840,0,0.0
openmeteo,101990961244800113,longitude,9840,0,0.0
openmeteo,101990961244800113,altitude,9840,0,0.0
openmeteo,101990961244800113,timestamp,9840,0,0.0
openmeteo,101990961244800113,temperature_2m,9840,0,0.0
openmeteo,101990961244800113,relative_humidity_2m,9840,0,0.0
openmeteo,101990961244800113,surface_pressure,9840,0,0.0
openmeteo,101990961244800113,wind_speed_10m,9840,0,0.0
openmeteo,101990961244800113,wind_gusts_10m,9840,0,0.0
openmeteo,101990961244800113,wind_direction_10m,9840,0,0.0
openmeteo,101990961244800113,precipitation,9840,0,0.0
openmeteo,101990961244800113,uv_index,9840,9840,100.0
openmeteo,101990961244800131,device_id,9840,0,0.0
openmeteo,101990961244800131,latitude,9840,0,0.0
openmeteo,101990961244800131,longitude,9840,0,0.0
openmeteo,101990961244800131,altitude,9840,0,0.0
openmeteo,101990961244800131,timestamp,9840,0,0.0
openmeteo,101990961244800131,temperature_2m,9840,0,0.0
openmeteo,101990961244800131,relative_humidity_2m,9840,0,0.0
openmeteo,101990961244800131,surface_pressure,9840,0,0.0
openmeteo,101990961244800131,wind_speed_10m,9840,0,0.0
openmeteo,101990961244800131,wind_gusts_10m,9840,0,0.0
openmeteo,101990961244800131,wind_direction_10m,9840,0,0.0
openmeteo,101990961244800131,precipitation,9840,0,0.0
openmeteo,101990961244800131,uv_index,9840,9840,100.0
openmeteo,101990961244800184,device_id,9840,0,0.0
openmeteo,101990961244800184,latitude,9840,0,0.0
openmeteo,101990961244800184,longitude,9840,0,0.0
openmeteo,101990961244800184,altitude,9840,0,0.0
openmeteo,101990961244800184,timestamp,9840,0,0.0
openmeteo,101990961244800184,temperature_2m,9840,0,0.0
openmeteo,101990961244800184,relative_humidity_2m,9840,0,0.0
openmeteo,101990961244800184,surface_pressure,9840,0,0.0
openmeteo,101990961244800184,wind_speed_10m,9840,0,0.0
openmeteo,101990961244800184,wind_gusts_10m,9840,0,0.0
openmeteo,101990961244800184,wind_direction_10m,9840,0,0.0
openmeteo,101990961244800184,precipitation,9840,0,0.0
openmeteo,101990961244800184,uv_index,9840,9840,100.0
openmeteo,101990961244800201,device_id,9840,0,0.0
openmeteo,101990961244800201,latitude,9840,0,0.0
openmeteo,101990961244800201,longitude,9840,0,0.0
openmeteo,101990961244800201,altitude,9840,0,0.0
openmeteo,101990961244800201,timestamp,9840,0,0.0
openmeteo,101990961244800201,temperature_2m,9840,0,0.0
openmeteo,101990961244800201,relative_humidity_2m,9840,0,0.0
openmeteo,101990961244800201,surface_pressure,9840,0,0.0
openmeteo,101990961244800201,wind_speed_10m,9840,0,0.0
openmeteo,101990961244800201,wind_gusts_10m,9840,0,0.0
openmeteo,101990961244800201,wind_direction_10m,9840,0,0.0
openmeteo,101990961244800201,precipitation,9840,0,0.0
openmeteo,101990961244800201,uv_index,9840,9840,100.0
openmeteo,101990961244800207,device_id,9840,0,0.0
openmeteo,101990961244800207,latitude,9840,0,0.0
openmeteo,101990961244800207,longitude,9840,0,0.0
openmeteo,101990961244800207,altitude,9840,0,0.0
openmeteo,101990961244800207,timestamp,9840,0,0.0
openmeteo,101990961244800207,temperature_2m,9840,0,0.0
openmeteo,101990961244800207,relative_humidity_2m,9840,0,0.0
openmeteo,101990961244800207,surface_pressure,9840,0,0.0
openmeteo,101990961244800207,wind_speed_10m,9840,0,0.0
openmeteo,101990961244800207,wind_gusts_10m,9840,0,0.0
openmeteo,101990961244800207,wind_direction_10m,9840,0,0.0
openmeteo,101990961244800207,precipitation,9840,0,0.0
openmeteo,101990961244800207,uv_index,9840,9840,100.0
openmeteo,101990961244800222,device_id,9840,0,0.0
openmeteo,101990961244800222,latitude,9840,0,0.0
openmeteo,101990961244800222,longitude,9840,0,0.0
openmeteo,101990961244800222,altitude,9840,0,0.0
openmeteo,101990961244800222,timestamp,9840,0,0.0
openmeteo,101990961244800222,temperature_2m,9840,0,0.0
openmeteo,101990961244800222,relative_humidity_2m,9840,0,0.0
openmeteo,101990961244800222,surface_pressure,9840,0,0.0
openmeteo,101990961244800222,wind_speed_10m,9840,0,0.0
openmeteo,101990961244800222,wind_gusts_10m,9840,0,0.0
openmeteo,101990961244800222,wind_direction_10m,9840,0,0.0
openmeteo,101990961244800222,precipitation,9840,0,0.0
openmeteo,101990961244800222,uv_index,9840,9840,100.0
openmeteo,101990961244800246,device_id,9840,0,0.0
openmeteo,101990961244800246,latitude,9840,0,0.0
openmeteo,101990961244800246,longitude,9840,0,0.0
openmeteo,101990961244800246,altitude,9840,0,0.0
openmeteo,101990961244800246,timestamp,9840,0,0.0
openmeteo,101990961244800246,temperature_2m,9840,0,0.0
openmeteo,101990961244800246,relative_humidity_2m,9840,0,0.0
openmeteo,101990961244800246,surface_pressure,9840,0,0.0
openmeteo,101990961244800246,wind_speed_10m,9840,0,0.0
openmeteo,101990961244800246,wind_gusts_10m,9840,0,0.0
openmeteo,101990961244800246,wind_direction_10m,9840,0,0.0
openmeteo,101990961244800246,precipitation,9840,0,0.0
openmeteo,101990961244800246,uv_index,9840,9840,100.0
openmeteo,101990961244800270,device_id,9840,0,0.0
openmeteo,101990961244800270,latitude,9840,0,0.0
openmeteo,101990961244800270,longitude,9840,0,0.0
openmeteo,101990961244800270,altitude,9840,0,0.0
openmeteo,101990961244800270,timestamp,9840,0,0.0
openmeteo,101990961244800270,temperature_2m,9840,0,0.0
openmeteo,101990961244800270,relative_humidity_2m,9840,0,0.0
openmeteo,101990961244800270,surface_pressure,9840,0,0.0
openmeteo,101990961244800270,wind_speed_10m,9840,0,0.0
openmeteo,101990961244800270,wind_gusts_10m,9840,0,0.0
openmeteo,101990961244800270,wind_direction_10m,9840,0,0.0
openmeteo,101990961244800270,precipitation,9840,0,0.0
openmeteo,101990961244800270,uv_index,9840,9840,100.0
openmeteo,101990961244800281,device_id,9840,0,0.0
openmeteo,101990961244800281,latitude,9840,0,0.0
openmeteo,101990961244800281,longitude,9840,0,0.0
openmeteo,101990961244800281,altitude,9840,0,0.0
openmeteo,101990961244800281,timestamp,9840,0,0.0
openmeteo,101990961244800281,temperature_2m,9840,0,0.0
openmeteo,101990961244800281,relative_humidity_2m,9840,0,0.0
openmeteo,101990961244800281,surface_pressure,9840,0,0.0
openmeteo,101990961244800281,wind_speed_10m,9840,0,0.0
openmeteo,101990961244800281,wind_gusts_10m,9840,0,0.0
openmeteo,101990961244800281,wind_direction_10m,9840,0,0.0
openmeteo,101990961244800281,precipitation,9840,0,0.0
openmeteo,101990961244800281,uv_index,9840,9840,100.0
openmeteo,101990961244800302,device_id,9840,0,0.0
openmeteo,101990961244800302,latitude,9840,0,0.0
openmeteo,101990961244800302,longitude,9840,0,0.0
openmeteo,101990961244800302,altitude,9840,0,0.0
openmeteo,101990961244800302,timestamp,9840,0,0.0
openmeteo,101990961244800302,temperature_2m,9840,0,0.0
openmeteo,101990961244800302,relative_humidity_2m,9840,0,0.0
openmeteo,101990961244800302,surface_pressure,9840,0,0.0
openmeteo,101990961244800302,wind_speed_10m,9840,0,0.0
openmeteo,101990961244800302,wind_gusts_10m,9840,9840,100.0
openmeteo,101990961244800302,wind_direction_10m,9840,0,0.0
openmeteo,101990961244800302,precipitation,9840,0,0.0
openmeteo,101990961244800302,uv_index,9840,9840,100.0
openmeteo,101990961244800306,device_id,9840,0,0.0
openmeteo,101990961244800306,latitude,9840,0,0.0
openmeteo,101990961244800306,longitude,9840,0,0.0
openmeteo,101990961244800306,altitude,9840,0,0.0
openmeteo,101990961244800306,timestamp,9840,0,0.0
openmeteo,101990961244800306,temperature_2m,9840,0,0.0
openmeteo,101990961244800306,relative_humidity_2m,9840,0,0.0
openmeteo,101990961244800306,surface_pressure,9840,0,0.0
openmeteo,101990961244800306,wind_speed_10m,9840,0,0.0
openmeteo,101990961244800306,wind_gusts_10m,9840,0,0.0
openmeteo,101990961244800306,wind_direction_10m,9840,0,0.0
openmeteo,101990961244800306,precipitation,9840,0,0.0
openmeteo,101990961244800306,uv_index,9840,9840,100.0
openmeteo,101990961244800317,device_id,9840,0,0.0
openmeteo,101990961244800317,latitude,9840,0,0.0
openmeteo,101990961244800317,longitude,9840,0,0.0
openmeteo,101990961244800317,altitude,9840,0,0.0
openmeteo,101990961244800317,timestamp,9840,0,0.0
openmeteo,101990961244800317,temperature_2m,9840,0,0.0
openmeteo,101990961244800317,relative_humidity_2m,9840,0,0.0
openmeteo,101990961244800317,surface_pressure,9840,0,0.0
openmeteo,101990961244800317,wind_speed_10m,9840,0,0.0
openmeteo,101990961244800317,wind_gusts_10m,9840,0,0.0
openmeteo,101990961244800317,wind_direction_10m,9840,0,0.0
openmeteo,101990961244800317,precipitation,9840,0,0.0
openmeteo,101990961244800317,uv_index,9840,9840,100.0
openmeteo,101990961244800336,device_id,9840,0,0.0
openmeteo,101990961244800336,latitude,9840,0,0.0
openmeteo,101990961244800336,longitude,9840,0,0.0
openmeteo,101990961244800336,altitude,9840,0,0.0
openmeteo,101990961244800336,timestamp,9840,0,0.0
openmeteo,101990961244800336,temperature_2m,9840,0,0.0
openmeteo,101990961244800336,relative_humidity_2m,9840,0,0.0
openmeteo,101990961244800336,surface_pressure,9840,0,0.0
openmeteo,101990961244800336,wind_speed_10m,9840,0,0.0
openmeteo,101990961244800336,wind_gusts_10m,9840,0,0.0
openmeteo,101990961244800336,wind_direction_10m,9840,0,0.0
openmeteo,101990961244800336,precipitation,9840,0,0.0
openmeteo,101990961244800336,uv_index,9840,9840,100.0
openmeteo,101990961244800342,device_id,9840,0,0.0
openmeteo,101990961244800342,latitude,9840,0,0.0
openmeteo,101990961244800342,longitude,9840,0,0.0
openmeteo,101990961244800342,altitude,9840,0,0.0
openmeteo,101990961244800342,timestamp,9840,0,0.0
openmeteo,101990961244800342,temperature_2m,9840,0,0.0
openmeteo,101990961244800342,relative_humidity_2m,9840,0,0.0
openmeteo,101990961244800342,surface_pressure,9840,0,0.0
openmeteo,101990961244800342,wind_speed_10m,9840,0,0.0
openmeteo,101990961244800342,wind_gusts_10m,9840,0,0.0
openmeteo,101990961244800342,wind_direction_10m,9840,0,0.0
openmeteo,101990961244800342,precipitation,9840,0,0.0
openmeteo,101990961244800342,uv_index,9840,9840,100.0
openmeteo,101990961244800348,device_id,9840,0,0.0
openmeteo,101990961244800348,latitude,9840,0,0.0
openmeteo,101990961244800348,longitude,9840,0,0.0
openmeteo,101990961244800348,altitude,9840,0,0.0
openmeteo,101990961244800348,timestamp,9840,0,0.0
openmeteo,101990961244800348,temperature_2m,9840,0,0.0
openmeteo,101990961244800348,relative_humidity_2m,9840,0,0.0
openmeteo,101990961244800348,surface_pressure,9840,0,0.0
openmeteo,101990961244800348,wind_speed_10m,9840,0,0.0
openmeteo,101990961244800348,wind_gusts_10m,9840,0,0.0
openmeteo,101990961244800348,wind_direction_10m,9840,0,0.0
openmeteo,101990961244800348,precipitation,9840,0,0.0
openmeteo,101990961244800348,uv_index,9840,9840,100.0
openmeteo,101990961244800361,device_id,9840,0,0.0
openmeteo,101990961244800361,latitude,9840,0,0.0
openmeteo,101990961244800361,longitude,9840,0,0.0
openmeteo,101990961244800361,altitude,9840,0,0.0
openmeteo,101990961244800361,timestamp,9840,0,0.0
openmeteo,101990961244800361,temperature_2m,9840,0,0.0
openmeteo,101990961244800361,relative_humidity_2m,9840,0,0.0
openmeteo,101990961244800361,surface_pressure,9840,0,0.0
openmeteo,101990961244800361,wind_speed_10m,9840,0,0.0
openmeteo,101990961244800361,wind_gusts_10m,9840,0,0.0
openmeteo,101990961244800361,wind_direction_10m,9840,0,0.0
openmeteo,101990961244800361,precipitation,9840,0,0.0
openmeteo,101990961244800361,uv_index,9840,9840,100.0
openmeteo,101990961244800375,device_id,9840,0,0.0
openmeteo,101990961244800375,latitude,9840,0,0.0
openmeteo,101990961244800375,longitude,9840,0,0.0
openmeteo,101990961244800375,altitude,9840,0,0.0
openmeteo,101990961244800375,timestamp,9840,0,0.0
openmeteo,101990961244800375,temperature_2m,9840,0,0.0
openmeteo,101990961244800375,relative_humidity_2m,9840,0,0.0
openmeteo,101990961244800375,surface_pressure,9840,0,0.0
openmeteo,101990961244800375,wind_speed_10m,9840,0,0.0
openmeteo,101990961244800375,wind_gusts_10m,9840,0,0.0
openmeteo,101990961244800375,wind_direction_10m,9840,0,0.0
openmeteo,101990961244800375,precipitation,9840,0,0.0
openmeteo,101990961244800375,uv_index,9840,9840,100.0
openmeteo,101990961244800389,device_id,9840,0,0.0
openmeteo,101990961244800389,latitude,9840,0,0.0
openmeteo,101990961244800389,longitude,9840,0,0.0
openmeteo,101990961244800389,altitude,9840,0,0.0
openmeteo,101990961244800389,timestamp,9840,0,0.0
openmeteo,101990961244800389,temperature_2m,9840,0,0.0
openmeteo,101990961244800389,relative_humidity_2m,9840,0,0.0
openmeteo,101990961244800389,surface_pressure,9840,0,0.0
openmeteo,101990961244800389,wind_speed_10m,9840,0,0.0
openmeteo,101990961244800389,wind_gusts_10m,9840,0,0.0
openmeteo,101990961244800389,wind_direction_10m,9840,0,0.0
openmeteo,101990961244800389,precipitation,9840,0,0.0
openmeteo,101990961244800389,uv_index,9840,9840,100.0
openmeteo,101990961244800393,device_id,9840,0,0.0
openmeteo,101990961244800393,latitude,9840,0,0.0
openmeteo,101990961244800393,longitude,9840,0,0.0
openmeteo,101990961244800393,altitude,9840,0,0.0
openmeteo,101990961244800393,timestamp,9840,0,0.0
openmeteo,101990961244800393,temperature_2m,9840,0,0.0
openmeteo,101990961244800393,relative_humidity_2m,9840,0,0.0
openmeteo,101990961244800393,surface_pressure,9840,0,0.0
openmeteo,101990961244800393,wind_speed_10m,9840,0,0.0
openmeteo,101990961244800393,wind_gusts_10m,9840,0,0.0
openmeteo,101990961244800393,wind_direction_10m,9840,0,0.0
openmeteo,101990961244800393,precipitation,9840,0,0.0
openmeteo,101990961244800393,uv_index,9840,9840,100.0
openmeteo,101990961244800395,device_id,9840,0,0.0
openmeteo,101990961244800395,latitude,9840,0,0.0
openmeteo,101990961244800395,longitude,9840,0,0.0
openmeteo,101990961244800395,altitude,9840,0,0.0
openmeteo,101990961244800395,timestamp,9840,0,0.0
openmeteo,101990961244800395,temperature_2m,9840,0,0.0
openmeteo,101990961244800395,relative_humidity_2m,9840,0,0.0
openmeteo,101990961244800395,surface_pressure,9840,0,0.0
openmeteo,101990961244800395,wind_speed_10m,9840,0,0.0
openmeteo,101990961244800395,wind_gusts_10m,9840,0,0.0
openmeteo,101990961244800395,wind_direction_10m,9840,0,0.0
openmeteo,101990961244800395,precipitation,9840,0,0.0
openmeteo,101990961244800395,uv_index,9840,9840,100.0
nasa_power,101990961244800001,date,2449,0,0.0
nasa_power,101990961244800001,device_id,2449,0,0.0
nasa_power,101990961244800001,latitude,2449,0,0.0
nasa_power,101990961244800001,longitude,2449,0,0.0
nasa_power,101990961244800001,T2M,2449,3,0.12249897917517354
nasa_power,101990961244800001,RH2M,2449,3,0.12249897917517354
nasa_power,101990961244800001,PRECTOTCORR,2449,3,0.12249897917517354
nasa_power,101990961244800001,ALLSKY_SFC_SW_DWN,2449,5,0.2041649652919559
nasa_power,101990961244800001,WS2M,2449,3,0.12249897917517354
nasa_power,101990961244800001,WD2M,2449,45,1.8374846876276032
nasa_power,101990961244800005,date,2449,0,0.0
nasa_power,101990961244800005,device_id,2449,0,0.0
nasa_power,101990961244800005,latitude,2449,0,0.0
nasa_power,101990961244800005,longitude,2449,0,0.0
nasa_power,101990961244800005,T2M,2449,3,0.12249897917517354
nasa_power,101990961244800005,RH2M,2449,3,0.12249897917517354
nasa_power,101990961244800005,PRECTOTCORR,2449,3,0.12249897917517354
nasa_power,101990961244800005,ALLSKY_SFC_SW_DWN,2449,5,0.2041649652919559
nasa_power,101990961244800005,WS2M,2449,3,0.12249897917517354
nasa_power,101990961244800005,WD2M,2449,45,1.8374846876276032
nasa_power,101990961244800061,date,2449,0,0.0
nasa_power,101990961244800061,device_id,2449,0,0.0
nasa_power,101990961244800061,latitude,2449,0,0.0
nasa_power,101990961244800061,longitude,2449,0,0.0
nasa_power,101990961244800061,T2M,2449,3,0.12249897917517354
nasa_power,101990961244800061,RH2M,2449,3,0.12249897917517354
nasa_power,101990961244800061,PRECTOTCORR,2449,3,0.12249897917517354
nasa_power,101990961244800061,ALLSKY_SFC_SW_DWN,2449,5,0.2041649652919559
nasa_power,101990961244800061,WS2M,2449,3,0.12249897917517354
nasa_power,101990961244800061,WD2M,2449,45,1.8374846876276032
nasa_power,101990961244800083,date,2449,0,0.0
nasa_power,101990961244800083,device_id,2449,0,0.0
nasa_power,101990961244800083,latitude,2449,0,0.0
nasa_power,101990961244800083,longitude,2449,0,0.0
nasa_power,101990961244800083,T2M,2449,3,0.12249897917517354
nasa_power,101990961244800083,RH2M,2449,3,0.12249897917517354
nasa_power,101990961244800083,PRECTOTCORR,2449,3,0.12249897917517354
nasa_power,101990961244800083,ALLSKY_SFC_SW_DWN,2449,5,0.2041649652919559
nasa_power,101990961244800083,WS2M,2449,3,0.12249897917517354
nasa_power,101990961244800083,WD2M,2449,45,1.8374846876276032
nasa_power,101990961244800101,date,2449,0,0.0
nasa_power,101990961244800101,device_id,2449,0,0.0
nasa_power,101990961244800101,latitude,2449,0,0.0
nasa_power,101990961244800101,longitude,2449,0,0.0
nasa_power,101990961244800101,T2M,2449,3,0.12249897917517354
nasa_power,101990961244800101,RH2M,2449,3,0.12249897917517354
nasa_power,101990961244800101,PRECTOTCORR,2449,3,0.12249897917517354
nasa_power,101990961244800101,ALLSKY_SFC_SW_DWN,2449,5,0.2041649652919559
nasa_power,101990961244800101,WS2M,2449,3,0.12249897917517354
nasa_power,101990961244800101,WD2M,2449,45,1.8374846876276032
nasa_power,101990961244800102,date,2449,0,0.0
nasa_power,101990961244800102,device_id,2449,0,0.0
nasa_power,101990961244800102,latitude,2449,0,0.0
nasa_power,101990961244800102,longitude,2449,0,0.0
nasa_power,101990961244800102,T2M,2449,3,0.12249897917517354
nasa_power,101990961244800102,RH2M,2449,3,0.12249897917517354
nasa_power,101990961244800102,PRECTOTCORR,2449,3,0.12249897917517354
nasa_power,101990961244800102,ALLSKY_SFC_SW_DWN,2449,5,0.2041649652919559
nasa_power,101990961244800102,WS2M,2449,3,0.12249897917517354
nasa_power,101990961244800102,WD2M,2449,45,1.8374846876276032
nasa_power,101990961244800113,date,2449,0,0.0
nasa_power,101990961244800113,device_id,2449,0,0.0
nasa_power,101990961244800113,latitude,2449,0,0.0
nasa_power,101990961244800113,longitude,2449,0,0.0
nasa_power,101990961244800113,T2M,2449,3,0.12249897917517354
nasa_power,101990961244800113,RH2M,2449,3,0.12249897917517354
nasa_power,101990961244800113,PRECTOTCORR,2449,3,0.12249897917517354
nasa_power,101990961244800113,ALLSKY_SFC_SW_DWN,2449,5,0.2041649652919559
nasa_power,101990961244800113,WS2M,2449,3,0.12249897917517354
nasa_power,101990961244800113,WD2M,2449,45,1.8374846876276032
nasa_power,101990961244800131,date,2449,0,0.0
nasa_power,101990961244800131,device_id,2449,0,0.0
nasa_power,101990961244800131,latitude,2449,0,0.0
nasa_power,101990961244800131,longitude,2449,0,0.0
nasa_power,101990961244800131,T2M,2449,3,0.12249897917517354
nasa_power,101990961244800131,RH2M,2449,3,0.12249897917517354
nasa_power,101990961244800131,PRECTOTCORR,2449,3,0.12249897917517354
nasa_power,101990961244800131,ALLSKY_SFC_SW_DWN,2449,5,0.2041649652919559
nasa_power,101990961244800131,WS2M,2449,3,0.12249897917517354
nasa_power,101990961244800131,WD2M,2449,45,1.8374846876276032
nasa_power,101990961244800184,date,2449,0,0.0
nasa_power,101990961244800184,device_id,2449,0,0.0
nasa_power,101990961244800184,latitude,2449,0,0.0
nasa_power,101990961244800184,longitude,2449,0,0.0
nasa_power,101990961244800184,T2M,2449,3,0.12249897917517354
nasa_power,101990961244800184,RH2M,2449,3,0.12249897917517354
nasa_power,101990961244800184,PRECTOTCORR,2449,3,0.12249897917517354
nasa_power,101990961244800184,ALLSKY_SFC_SW_DWN,2449,5,0.2041649652919559
nasa_power,101990961244800184,WS2M,2449,3,0.12249897917517354
nasa_power,101990961244800184,WD2M,2449,45,1.8374846876276032
nasa_power,101990961244800201,date,2449,0,0.0
nasa_power,101990961244800201,device_id,2449,0,0.0
nasa_power,101990961244800201,latitude,2449,0,0.0
nasa_power,101990961244800201,longitude,2449,0,0.0
nasa_power,101990961244800201,T2M,2449,3,0.12249897917517354
nasa_power,101990961244800201,RH2M,2449,3,0.12249897917517354
nasa_power,101990961244800201,PRECTOTCORR,2449,3,0.12249897917517354
nasa_power,101990961244800201,ALLSKY_SFC_SW_DWN,2449,5,0.2041649652919559
nasa_power,101990961244800201,WS2M,2449,3,0.12249897917517354
nasa_power,101990961244800201,WD2M,2449,45,1.8374846876276032
nasa_power,101990961244800207,date,2449,0,0.0
nasa_power,101990961244800207,device_id,2449,0,0.0
nasa_power,101990961244800207,latitude,2449,0,0.0
nasa_power,101990961244800207,longitude,2449,0,0.0
nasa_power,101990961244800207,T2M,2449,3,0.12249897917517354
nasa_power,101990961244800207,RH2M,2449,3,0.12249897917517354
nasa_power,101990961244800207,PRECTOTCORR,2449,3,0.12249897917517354
nasa_power,101990961244800207,ALLSKY_SFC_SW_DWN,2449,5,0.2041649652919559
nasa_power,101990961244800207,WS2M,2449,3,0.12249897917517354
nasa_power,101990961244800207,WD2M,2449,45,1.8374846876276032
nasa_power,101990961244800222,date,2449,0,0.0
nasa_power,101990961244800222,device_id,2449,0,0.0
nasa_power,101990961244800222,latitude,2449,0,0.0
nasa_power,101990961244800222,longitude,2449,0,0.0
nasa_power,101990961244800222,T2M,2449,3,0.12249897917517354
nasa_power,101990961244800222,RH2M,2449,3,0.12249897917517354
nasa_power,101990961244800222,PRECTOTCORR,2449,3,0.12249897917517354
nasa_power,101990961244800222,ALLSKY_SFC_SW_DWN,2449,5,0.2041649652919559
nasa_power,101990961244800222,WS2M,2449,3,0.12249897917517354
nasa_power,101990961244800222,WD2M,2449,45,1.8374846876276032
nasa_power,101990961244800246,date,2449,0,0.0
nasa_power,101990961244800246,device_id,2449,0,0.0
nasa_power,101990961244800246,latitude,2449,0,0.0
nasa_power,101990961244800246,longitude,2449,0,0.0
nasa_power,101990961244800246,T2M,2449,3,0.12249897917517354
nasa_power,101990961244800246,RH2M,2449,3,0.12249897917517354
nasa_power,101990961244800246,PRECTOTCORR,2449,3,0.12249897917517354
nasa_power,101990961244800246,ALLSKY_SFC_SW_DWN,2449,5,0.2041649652919559
nasa_power,101990961244800246,WS2M,2449,3,0.12249897917517354
nasa_power,101990961244800246,WD2M,2449,45,1.8374846876276032
nasa_power,101990961244800270,date,2449,0,0.0
nasa_power,101990961244800270,device_id,2449,0,0.0
nasa_power,101990961244800270,latitude,2449,0,0.0
nasa_power,101990961244800270,longitude,2449,0,0.0
nasa_power,101990961244800270,T2M,2449,3,0.12249897917517354
nasa_power,101990961244800270,RH2M,2449,3,0.12249897917517354
nasa_power,101990961244800270,PRECTOTCORR,2449,3,0.12249897917517354
nasa_power,101990961244800270,ALLSKY_SFC_SW_DWN,2449,5,0.2041649652919559
nasa_power,101990961244800270,WS2M,2449,3,0.12249897917517354
nasa_power,101990961244800270,WD2M,2449,45,1.8374846876276032
nasa_power,101990961244800281,date,2449,0,0.0
nasa_power,101990961244800281,device_id,2449,0,0.0
nasa_power,101990961244800281,latitude,2449,0,0.0
nasa_power,101990961244800281,longitude,2449,0,0.0
nasa_power,101990961244800281,T2M,2449,3,0.12249897917517354
nasa_power,101990961244800281,RH2M,2449,3,0.12249897917517354
nasa_power,101990961244800281,PRECTOTCORR,2449,3,0.12249897917517354
nasa_power,101990961244800281,ALLSKY_SFC_SW_DWN,2449,5,0.2041649652919559
nasa_power,101990961244800281,WS2M,2449,3,0.12249897917517354
nasa_power,101990961244800281,WD2M,2449,45,1.8374846876276032
nasa_power,101990961244800302,date,2449,0,0.0
nasa_power,101990961244800302,device_id,2449,0,0.0
nasa_power,101990961244800302,latitude,2449,0,0.0
nasa_power,101990961244800302,longitude,2449,0,0.0
nasa_power,101990961244800302,T2M,2449,3,0.12249897917517354
nasa_power,101990961244800302,RH2M,2449,3,0.12249897917517354
nasa_power,101990961244800302,PRECTOTCORR,2449,3,0.12249897917517354
nasa_power,101990961244800302,ALLSKY_SFC_SW_DWN,2449,5,0.2041649652919559
nasa_power,101990961244800302,WS2M,2449,3,0.12249897917517354
nasa_power,101990961244800302,WD2M,2449,45,1.8374846876276032
nasa_power,101990961244800306,date,2449,0,0.0
nasa_power,101990961244800306,device_id,2449,0,0.0
nasa_power,101990961244800306,latitude,2449,0,0.0
nasa_power,101990961244800306,longitude,2449,0,0.0
nasa_power,101990961244800306,T2M,2449,3,0.12249897917517354
nasa_power,101990961244800306,RH2M,2449,3,0.12249897917517354
nasa_power,101990961244800306,PRECTOTCORR,2449,3,0.12249897917517354
nasa_power,101990961244800306,ALLSKY_SFC_SW_DWN,2449,5,0.2041649652919559
nasa_power,101990961244800306,WS2M,2449,3,0.12249897917517354
nasa_power,101990961244800306,WD2M,2449,45,1.8374846876276032
nasa_power,101990961244800317,date,2449,0,0.0
nasa_power,101990961244800317,device_id,2449,0,0.0
nasa_power,101990961244800317,latitude,2449,0,0.0
nasa_power,101990961244800317,longitude,2449,0,0.0
nasa_power,101990961244800317,T2M,2449,3,0.12249897917517354
nasa_power,101990961244800317,RH2M,2449,3,0.12249897917517354
nasa_power,101990961244800317,PRECTOTCORR,2449,3,0.12249897917517354
nasa_power,101990961244800317,ALLSKY_SFC_SW_DWN,2449,5,0.2041649652919559
nasa_power,101990961244800317,WS2M,2449,3,0.12249897917517354
nasa_power,101990961244800317,WD2M,2449,45,1.8374846876276032
nasa_power,101990961244800336,date,2449,0,0.0
nasa_power,101990961244800336,device_id,2449,0,0.0
nasa_power,101990961244800336,latitude,2449,0,0.0
nasa_power,101990961244800336,longitude,2449,0,0.0
nasa_power,101990961244800336,T2M,2449,3,0.12249897917517354
nasa_power,101990961244800336,RH2M,2449,3,0.12249897917517354
nasa_power,101990961244800336,PRECTOTCORR,2449,3,0.12249897917517354
nasa_power,101990961244800336,ALLSKY_SFC_SW_DWN,2449,5,0.2041649652919559
nasa_power,101990961244800336,WS2M,2449,3,0.12249897917517354
nasa_power,101990961244800336,WD2M,2449,45,1.8374846876276032
nasa_power,101990961244800342,date,2449,0,0.0
nasa_power,101990961244800342,device_id,2449,0,0.0
nasa_power,101990961244800342,latitude,2449,0,0.0
nasa_power,101990961244800342,longitude,2449,0,0.0
nasa_power,101990961244800342,T2M,2449,3,0.12249897917517354
nasa_power,101990961244800342,RH2M,2449,3,0.12249897917517354
nasa_power,101990961244800342,PRECTOTCORR,2449,3,0.12249897917517354
nasa_power,101990961244800342,ALLSKY_SFC_SW_DWN,2449,5,0.2041649652919559
nasa_power,101990961244800342,WS2M,2449,3,0.12249897917517354
nasa_power,101990961244800342,WD2M,2449,45,1.8374846876276032
nasa_power,101990961244800348,date,2449,0,0.0
nasa_power,101990961244800348,device_id,2449,0,0.0
nasa_power,101990961244800348,latitude,2449,0,0.0
nasa_power,101990961244800348,longitude,2449,0,0.0
nasa_power,101990961244800348,T2M,2449,3,0.12249897917517354
nasa_power,101990961244800348,RH2M,2449,3,0.12249897917517354
nasa_power,101990961244800348,PRECTOTCORR,2449,3,0.12249897917517354
nasa_power,101990961244800348,ALLSKY_SFC_SW_DWN,2449,5,0.2041649652919559
nasa_power,101990961244800348,WS2M,2449,3,0.12249897917517354
nasa_power,101990961244800348,WD2M,2449,45,1.8374846876276032
nasa_power,101990961244800361,date,2449,0,0.0
nasa_power,101990961244800361,device_id,2449,0,0.0
nasa_power,101990961244800361,latitude,2449,0,0.0
nasa_power,101990961244800361,longitude,2449,0,0.0
nasa_power,101990961244800361,T2M,2449,3,0.12249897917517354
nasa_power,101990961244800361,RH2M,2449,3,0.12249897917517354
nasa_power,101990961244800361,PRECTOTCORR,2449,3,0.12249897917517354
nasa_power,101990961244800361,ALLSKY_SFC_SW_DWN,2449,5,0.2041649652919559
nasa_power,101990961244800361,WS2M,2449,3,0.12249897917517354
nasa_power,101990961244800361,WD2M,2449,45,1.8374846876276032
nasa_power,101990961244800375,date,2449,0,0.0
nasa_power,101990961244800375,device_id,2449,0,0.0
nasa_power,101990961244800375,latitude,2449,0,0.0
nasa_power,101990961244800375,longitude,2449,0,0.0
nasa_power,101990961244800375,T2M,2449,3,0.12249897917517354
nasa_power,101990961244800375,RH2M,2449,3,0.12249897917517354
nasa_power,101990961244800375,PRECTOTCORR,2449,3,0.12249897917517354
nasa_power,101990961244800375,ALLSKY_SFC_SW_DWN,2449,5,0.2041649652919559
nasa_power,101990961244800375,WS2M,2449,3,0.12249897917517354
nasa_power,101990961244800375,WD2M,2449,45,1.8374846876276032
nasa_power,101990961244800389,date,2449,0,0.0
nasa_power,101990961244800389,device_id,2449,0,0.0
nasa_power,101990961244800389,latitude,2449,0,0.0
nasa_power,101990961244800389,longitude,2449,0,0.0
nasa_power,101990961244800389,T2M,2449,3,0.12249897917517354
nasa_power,101990961244800389,RH2M,2449,3,0.12249897917517354
nasa_power,101990961244800389,PRECTOTCORR,2449,3,0.12249897917517354
nasa_power,101990961244800389,ALLSKY_SFC_SW_DWN,2449,5,0.2041649652919559
nasa_power,101990961244800389,WS2M,2449,3,0.12249897917517354
nasa_power,101990961244800389,WD2M,2449,45,1.8374846876276032
nasa_power,101990961244800393,date,2449,0,0.0
nasa_power,101990961244800393,device_id,2449,0,0.0
nasa_power,101990961244800393,latitude,2449,0,0.0
nasa_power,101990961244800393,longitude,2449,0,0.0
nasa_power,101990961244800393,T2M,2449,3,0.12249897917517354
nasa_power,101990961244800393,RH2M,2449,3,0.12249897917517354
nasa_power,101990961244800393,PRECTOTCORR,2449,3,0.12249897917517354
nasa_power,101990961244800393,ALLSKY_SFC_SW_DWN,2449,5,0.2041649652919559
nasa_power,101990961244800393,WS2M,2449,3,0.12249897917517354
nasa_power,101990961244800393,WD2M,2449,45,1.8374846876276032
nasa_power,101990961244800395,date,2449,0,0.0
nasa_power,101990961244800395,device_id,2449,0,0.0
nasa_power,101990961244800395,latitude,2449,0,0.0
nasa_power,101990961244800395,longitude,2449,0,0.0
nasa_power,101990961244800395,T2M,2449,3,0.12249897917517354
nasa_power,101990961244800395,RH2M,2449,3,0.12249897917517354
nasa_power,101990961244800395,PRECTOTCORR,2449,3,0.12249897917517354
nasa_power,101990961244800395,ALLSKY_SFC_SW_DWN,2449,5,0.2041649652919559
nasa_power,101990961244800395,WS2M,2449,3,0.12249897917517354
nasa_power,101990961244800395,WD2M,2449,45,1.8374846876276032
chirps,101990961244800001,date,2404,0,0.0
chirps,101990961244800001,device_id,2404,0,0.0
chirps,101990961244800001,latitude,2404,0,0.0
chirps,101990961244800001,longitude,2404,0,0.0
chirps,101990961244800001,rainfall_mm,2404,0,0.0
chirps,101990961244800005,date,2404,0,0.0
chirps,101990961244800005,device_id,2404,0,0.0
chirps,101990961244800005,latitude,2404,0,0.0
chirps,101990961244800005,longitude,2404,0,0.0
chirps,101990961244800005,rainfall_mm,2404,0,0.0
chirps,101990961244800061,date,2404,0,0.0
chirps,101990961244800061,device_id,2404,0,0.0
chirps,101990961244800061,latitude,2404,0,0.0
chirps,101990961244800061,longitude,2404,0,0.0
chirps,101990961244800061,rainfall_mm,2404,0,0.0
chirps,101990961244800083,date,2404,0,0.0
chirps,101990961244800083,device_id,2404,0,0.0
chirps,101990961244800083,latitude,2404,0,0.0
chirps,101990961244800083,longitude,2404,0,0.0
chirps,101990961244800083,rainfall_mm,2404,0,0.0
chirps,101990961244800101,date,2404,0,0.0
chirps,101990961244800101,device_id,2404,0,0.0
chirps,101990961244800101,latitude,2404,0,0.0
chirps,101990961244800101,longitude,2404,0,0.0
chirps,101990961244800101,rainfall_mm,2404,0,0.0
chirps,101990961244800102,date,2404,0,0.0
chirps,101990961244800102,device_id,2404,0,0.0
chirps,101990961244800102,latitude,2404,0,0.0
chirps,101990961244800102,longitude,2404,0,0.0
chirps,101990961244800102,rainfall_mm,2404,0,0.0
chirps,101990961244800113,date,2404,0,0.0
chirps,101990961244800113,device_id,2404,0,0.0
chirps,101990961244800113,latitude,2404,0,0.0
chirps,101990961244800113,longitude,2404,0,0.0
chirps,101990961244800113,rainfall_mm,2404,0,0.0
chirps,101990961244800131,date,2404,0,0.0
chirps,101990961244800131,device_id,2404,0,0.0
chirps,101990961244800131,latitude,2404,0,0.0
chirps,101990961244800131,longitude,2404,0,0.0
chirps,101990961244800131,rainfall_mm,2404,0,0.0
chirps,101990961244800184,date,2404,0,0.0
chirps,101990961244800184,device_id,2404,0,0.0
chirps,101990961244800184,latitude,2404,0,0.0
chirps,101990961244800184,longitude,2404,0,0.0
chirps,101990961244800184,rainfall_mm,2404,0,0.0
chirps,101990961244800201,date,2404,0,0.0
chirps,101990961244800201,device_id,2404,0,0.0
chirps,101990961244800201,latitude,2404,0,0.0
chirps,101990961244800201,longitude,2404,0,0.0
chirps,101990961244800201,rainfall_mm,2404,0,0.0
chirps,101990961244800207,date,2404,0,0.0
chirps,101990961244800207,device_id,2404,0,0.0
chirps,101990961244800207,latitude,2404,0,0.0
chirps,101990961244800207,longitude,2404,0,0.0
chirps,101990961244800207,rainfall_mm,2404,0,0.0
chirps,101990961244800222,date,2404,0,0.0
chirps,101990961244800222,device_id,2404,0,0.0
chirps,101990961244800222,latitude,2404,0,0.0
chirps,101990961244800222,longitude,2404,0,0.0
chirps,101990961244800222,rainfall_mm,2404,0,0.0
chirps,101990961244800246,date,2404,0,0.0
chirps,101990961244800246,device_id,2404,0,0.0
chirps,101990961244800246,latitude,2404,0,0.0
chirps,101990961244800246,longitude,2404,0,0.0
chirps,101990961244800246,rainfall_mm,2404,0,0.0
chirps,101990961244800270,date,2404,0,0.0
chirps,101990961244800270,device_id,2404,0,0.0
chirps,101990961244800270,latitude,2404,0,0.0
chirps,101990961244800270,longitude,2404,0,0.0
chirps,101990961244800270,rainfall_mm,2404,0,0.0
chirps,101990961244800281,date,2404,0,0.0
chirps,101990961244800281,device_id,2404,0,0.0
chirps,101990961244800281,latitude,2404,0,0.0
chirps,101990961244800281,longitude,2404,0,0.0
chirps,101990961244800281,rainfall_mm,2404,0,0.0
chirps,101990961244800302,date,2404,0,0.0
chirps,101990961244800302,device_id,2404,0,0.0
chirps,101990961244800302,latitude,2404,0,0.0
chirps,101990961244800302,longitude,2404,0,0.0
chirps,101990961244800302,rainfall_mm,2404,0,0.0
chirps,101990961244800306,date,2404,0,0.0
chirps,101990961244800306,device_id,2404,0,0.0
chirps,101990961244800306,latitude,2404,0,0.0
chirps,101990961244800306,longitude,2404,0,0.0
chirps,101990961244800306,rainfall_mm,2404,0,0.0
chirps,101990961244800317,date,2404,0,0.0
chirps,101990961244800317,device_id,2404,0,0.0
chirps,101990961244800317,latitude,2404,0,0.0
chirps,101990961244800317,longitude,2404,0,0.0
chirps,101990961244800317,rainfall_mm,2404,0,0.0
chirps,101990961244800336,date,2404,0,0.0
chirps,101990961244800336,device_id,2404,0,0.0
chirps,101990961244800336,latitude,2404,0,0.0
chirps,101990961244800336,longitude,2404,0,0.0
chirps,101990961244800336,rainfall_mm,2404,0,0.0
chirps,101990961244800342,date,2404,0,0.0
chirps,101990961244800342,device_id,2404,0,0.0
chirps,101990961244800342,latitude,2404,0,0.0
chirps,101990961244800342,longitude,2404,0,0.0
chirps,101990961244800342,rainfall_mm,2404,0,0.0
chirps,101990961244800348,date,2404,0,0.0
chirps,101990961244800348,device_id,2404,0,0.0
chirps,101990961244800348,latitude,2404,0,0.0
chirps,101990961244800348,longitude,2404,0,0.0
chirps,101990961244800348,rainfall_mm,2404,0,0.0
chirps,101990961244800361,date,2404,0,0.0
chirps,101990961244800361,device_id,2404,0,0.0
chirps,101990961244800361,latitude,2404,0,0.0
chirps,101990961244800361,longitude,2404,0,0.0
chirps,101990961244800361,rainfall_mm,2404,0,0.0
chirps,101990961244800375,date,2404,0,0.0
chirps,101990961244800375,device_id,2404,0,0.0
chirps,101990961244800375,latitude,2404,0,0.0
chirps,101990961244800375,longitude,2404,0,0.0
chirps,101990961244800375,rainfall_mm,2404,0,0.0
chirps,101990961244800389,date,2404,0,0.0
chirps,101990961244800389,device_id,2404,0,0.0
chirps,101990961244800389,latitude,2404,0,0.0
chirps,101990961244800389,longitude,2404,0,0.0
chirps,101990961244800389,rainfall_mm,2404,0,0.0
chirps,101990961244800393,date,2404,0,0.0
chirps,101990961244800393,device_id,2404,0,0.0
chirps,101990961244800393,latitude,2404,0,0.0
chirps,101990961244800393,longitude,2404,0,0.0
chirps,101990961244800393,rainfall_mm,2404,0,0.0
chirps,101990961244800395,date,2404,0,0.0
chirps,101990961244800395,device_id,2404,0,0.0
chirps,101990961244800395,latitude,2404,0,0.0
chirps,101990961244800395,longitude,2404,0,0.0
chirps,101990961244800395,rainfall_mm,2404,0,0.0
