dataset,device_id,missing_timestamp
chirps,101990961244800001,2021-12-01
chirps,101990961244800001,2021-12-02
chirps,101990961244800001,2021-12-03
chirps,101990961244800001,2021-12-04
chirps,101990961244800001,2021-12-05
chirps,101990961244800001,2021-12-06
chirps,101990961244800001,2021-12-07
chirps,101990961244800001,2021-12-08
chirps,101990961244800001,2021-12-09
chirps,101990961244800001,2021-12-10
chirps,101990961244800001,2021-12-11
chirps,101990961244800001,2021-12-12
chirps,101990961244800001,2021-12-13
chirps,101990961244800001,2021-12-14
chirps,101990961244800001,2021-12-15
chirps,101990961244800001,2021-12-16
chirps,101990961244800001,2021-12-17
chirps,101990961244800001,2021-12-18
chirps,101990961244800001,2021-12-19
chirps,101990961244800001,2021-12-20
chirps,101990961244800001,2021-12-21
chirps,101990961244800001,2021-12-22
chirps,101990961244800001,2021-12-23
chirps,101990961244800001,2021-12-24
chirps,101990961244800001,2021-12-25
chirps,101990961244800001,2021-12-26
chirps,101990961244800001,2021-12-27
chirps,101990961244800001,2021-12-28
chirps,101990961244800001,2021-12-29
chirps,101990961244800001,2021-12-30
chirps,101990961244800001,2021-12-31
chirps,101990961244800005,2021-12-01
chirps,101990961244800005,2021-12-02
chirps,101990961244800005,2021-12-03
chirps,101990961244800005,2021-12-04
chirps,101990961244800005,2021-12-05
chirps,101990961244800005,2021-12-06
chirps,101990961244800005,2021-12-07
chirps,101990961244800005,2021-12-08
chirps,101990961244800005,2021-12-09
chirps,101990961244800005,2021-12-10
chirps,101990961244800005,2021-12-11
chirps,101990961244800005,2021-12-12
chirps,101990961244800005,2021-12-13
chirps,101990961244800005,2021-12-14
chirps,101990961244800005,2021-12-15
chirps,101990961244800005,2021-12-16
chirps,101990961244800005,2021-12-17
chirps,101990961244800005,2021-12-18
chirps,101990961244800005,2021-12-19
chirps,101990961244800005,2021-12-20
chirps,101990961244800005,2021-12-21
chirps,101990961244800005,2021-12-22
chirps,101990961244800005,2021-12-23
chirps,101990961244800005,2021-12-24
chirps,101990961244800005,2021-12-25
chirps,101990961244800005,2021-12-26
chirps,101990961244800005,2021-12-27
chirps,101990961244800005,2021-12-28
chirps,101990961244800005,2021-12-29
chirps,101990961244800005,2021-12-30
chirps,101990961244800005,2021-12-31
chirps,101990961244800061,2021-12-01
chirps,101990961244800061,2021-12-02
chirps,101990961244800061,2021-12-03
chirps,101990961244800061,2021-12-04
chirps,101990961244800061,2021-12-05
chirps,101990961244800061,2021-12-06
chirps,101990961244800061,2021-12-07
chirps,101990961244800061,2021-12-08
chirps,101990961244800061,2021-12-09
chirps,101990961244800061,2021-12-10
chirps,101990961244800061,2021-12-11
chirps,101990961244800061,2021-12-12
chirps,101990961244800061,2021-12-13
chirps,101990961244800061,2021-12-14
chirps,101990961244800061,2021-12-15
chirps,101990961244800061,2021-12-16
chirps,101990961244800061,2021-12-17
chirps,101990961244800061,2021-12-18
chirps,101990961244800061,2021-12-19
chirps,101990961244800061,2021-12-20
chirps,101990961244800061,2021-12-21
chirps,101990961244800061,2021-12-22
chirps,101990961244800061,2021-12-23
chirps,101990961244800061,2021-12-24
chirps,101990961244800061,2021-12-25
chirps,101990961244800061,2021-12-26
chirps,101990961244800061,2021-12-27
chirps,101990961244800061,2021-12-28
chirps,101990961244800061,2021-12-29
chirps,101990961244800061,2021-12-30
chirps,101990961244800061,2021-12-31
chirps,101990961244800083,2021-12-01
chirps,101990961244800083,2021-12-02
chirps,101990961244800083,2021-12-03
chirps,101990961244800083,2021-12-04
chirps,101990961244800083,2021-12-05
chirps,101990961244800083,2021-12-06
chirps,101990961244800083,2021-12-07
chirps,101990961244800083,2021-12-08
chirps,101990961244800083,2021-12-09
chirps,101990961244800083,2021-12-10
chirps,101990961244800083,2021-12-11
chirps,101990961244800083,2021-12-12
chirps,101990961244800083,2021-12-13
chirps,101990961244800083,2021-12-14
chirps,101990961244800083,2021-12-15
chirps,101990961244800083,2021-12-16
chirps,101990961244800083,2021-12-17
chirps,101990961244800083,2021-12-18
chirps,101990961244800083,2021-12-19
chirps,101990961244800083,2021-12-20
chirps,101990961244800083,2021-12-21
chirps,101990961244800083,2021-12-22
chirps,101990961244800083,2021-12-23
chirps,101990961244800083,2021-12-24
chirps,101990961244800083,2021-12-25
chirps,101990961244800083,2021-12-26
chirps,101990961244800083,2021-12-27
chirps,101990961244800083,2021-12-28
chirps,101990961244800083,2021-12-29
chirps,101990961244800083,2021-12-30
chirps,101990961244800083,2021-12-31
chirps,101990961244800101,2021-12-01
chirps,101990961244800101,2021-12-02
chirps,101990961244800101,2021-12-03
chirps,101990961244800101,2021-12-04
chirps,101990961244800101,2021-12-05
chirps,101990961244800101,2021-12-06
chirps,101990961244800101,2021-12-07
chirps,101990961244800101,2021-12-08
chirps,101990961244800101,2021-12-09
chirps,101990961244800101,2021-12-10
chirps,101990961244800101,2021-12-11
chirps,101990961244800101,2021-12-12
chirps,101990961244800101,2021-12-13
chirps,101990961244800101,2021-12-14
chirps,101990961244800101,2021-12-15
chirps,101990961244800101,2021-12-16
chirps,101990961244800101,2021-12-17
chirps,101990961244800101,2021-12-18
chirps,101990961244800101,2021-12-19
chirps,101990961244800101,2021-12-20
chirps,101990961244800101,2021-12-21
chirps,101990961244800101,2021-12-22
chirps,101990961244800101,2021-12-23
chirps,101990961244800101,2021-12-24
chirps,101990961244800101,2021-12-25
chirps,101990961244800101,2021-12-26
chirps,101990961244800101,2021-12-27
chirps,101990961244800101,2021-12-28
chirps,101990961244800101,2021-12-29
chirps,101990961244800101,2021-12-30
chirps,101990961244800101,2021-12-31
chirps,101990961244800102,2021-12-01
chirps,101990961244800102,2021-12-02
chirps,101990961244800102,2021-12-03
chirps,101990961244800102,2021-12-04
chirps,101990961244800102,2021-12-05
chirps,101990961244800102,2021-12-06
chirps,101990961244800102,2021-12-07
chirps,101990961244800102,2021-12-08
chirps,101990961244800102,2021-12-09
chirps,101990961244800102,2021-12-10
chirps,101990961244800102,2021-12-11
chirps,101990961244800102,2021-12-12
chirps,101990961244800102,2021-12-13
chirps,101990961244800102,2021-12-14
chirps,101990961244800102,2021-12-15
chirps,101990961244800102,2021-12-16
chirps,101990961244800102,2021-12-17
chirps,101990961244800102,2021-12-18
chirps,101990961244800102,2021-12-19
chirps,101990961244800102,2021-12-20
chirps,101990961244800102,2021-12-21
chirps,101990961244800102,2021-12-22
chirps,101990961244800102,2021-12-23
chirps,101990961244800102,2021-12-24
chirps,101990961244800102,2021-12-25
chirps,101990961244800102,2021-12-26
chirps,101990961244800102,2021-12-27
chirps,101990961244800102,2021-12-28
chirps,101990961244800102,2021-12-29
chirps,101990961244800102,2021-12-30
chirps,101990961244800102,2021-12-31
chirps,101990961244800113,2021-12-01
chirps,101990961244800113,2021-12-02
chirps,101990961244800113,2021-12-03
chirps,101990961244800113,2021-12-04
chirps,101990961244800113,2021-12-05
chirps,101990961244800113,2021-12-06
chirps,101990961244800113,2021-12-07
chirps,101990961244800113,2021-12-08
chirps,101990961244800113,2021-12-09
chirps,101990961244800113,2021-12-10
chirps,101990961244800113,2021-12-11
chirps,101990961244800113,2021-12-12
chirps,101990961244800113,2021-12-13
chirps,101990961244800113,2021-12-14
chirps,101990961244800113,2021-12-15
chirps,101990961244800113,2021-12-16
chirps,101990961244800113,2021-12-17
chirps,101990961244800113,2021-12-18
chirps,101990961244800113,2021-12-19
chirps,101990961244800113,2021-12-20
chirps,101990961244800113,2021-12-21
chirps,101990961244800113,2021-12-22
chirps,101990961244800113,2021-12-23
chirps,101990961244800113,2021-12-24
chirps,101990961244800113,2021-12-25
chirps,101990961244800113,2021-12-26
chirps,101990961244800113,2021-12-27
chirps,101990961244800113,2021-12-28
chirps,101990961244800113,2021-12-29
chirps,101990961244800113,2021-12-30
chirps,101990961244800113,2021-12-31
chirps,101990961244800131,2021-12-01
chirps,101990961244800131,2021-12-02
chirps,101990961244800131,2021-12-03
chirps,101990961244800131,2021-12-04
chirps,101990961244800131,2021-12-05
chirps,101990961244800131,2021-12-06
chirps,101990961244800131,2021-12-07
chirps,101990961244800131,2021-12-08
chirps,101990961244800131,2021-12-09
chirps,101990961244800131,2021-12-10
chirps,101990961244800131,2021-12-11
chirps,101990961244800131,2021-12-12
chirps,101990961244800131,2021-12-13
chirps,101990961244800131,2021-12-14
chirps,101990961244800131,2021-12-15
chirps,101990961244800131,2021-12-16
chirps,101990961244800131,2021-12-17
chirps,101990961244800131,2021-12-18
chirps,101990961244800131,2021-12-19
chirps,101990961244800131,2021-12-20
chirps,101990961244800131,2021-12-21
chirps,101990961244800131,2021-12-22
chirps,101990961244800131,2021-12-23
chirps,101990961244800131,2021-12-24
chirps,101990961244800131,2021-12-25
chirps,101990961244800131,2021-12-26
chirps,101990961244800131,2021-12-27
chirps,101990961244800131,2021-12-28
chirps,101990961244800131,2021-12-29
chirps,101990961244800131,2021-12-30
chirps,101990961244800131,2021-12-31
chirps,101990961244800184,2021-12-01
chirps,101990961244800184,2021-12-02
chirps,101990961244800184,2021-12-03
chirps,101990961244800184,2021-12-04
chirps,101990961244800184,2021-12-05
chirps,101990961244800184,2021-12-06
chirps,101990961244800184,2021-12-07
chirps,101990961244800184,2021-12-08
chirps,101990961244800184,2021-12-09
chirps,101990961244800184,2021-12-10
chirps,101990961244800184,2021-12-11
chirps,101990961244800184,2021-12-12
chirps,101990961244800184,2021-12-13
chirps,101990961244800184,2021-12-14
chirps,101990961244800184,2021-12-15
chirps,101990961244800184,2021-12-16
chirps,101990961244800184,2021-12-17
chirps,101990961244800184,2021-12-18
chirps,101990961244800184,2021-12-19
chirps,101990961244800184,2021-12-20
chirps,101990961244800184,2021-12-21
chirps,101990961244800184,2021-12-22
chirps,101990961244800184,2021-12-23
chirps,101990961244800184,2021-12-24
chirps,101990961244800184,2021-12-25
chirps,101990961244800184,2021-12-26
chirps,101990961244800184,2021-12-27
chirps,101990961244800184,2021-12-28
chirps,101990961244800184,2021-12-29
chirps,101990961244800184,2021-12-30
chirps,101990961244800184,2021-12-31
chirps,101990961244800201,2021-12-01
chirps,101990961244800201,2021-12-02
chirps,101990961244800201,2021-12-03
chirps,101990961244800201,2021-12-04
chirps,101990961244800201,2021-12-05
chirps,101990961244800201,2021-12-06
chirps,101990961244800201,2021-12-07
chirps,101990961244800201,2021-12-08
chirps,101990961244800201,2021-12-09
chirps,101990961244800201,2021-12-10
chirps,101990961244800201,2021-12-11
chirps,101990961244800201,2021-12-12
chirps,101990961244800201,2021-12-13
chirps,101990961244800201,2021-12-14
chirps,101990961244800201,2021-12-15
chirps,101990961244800201,2021-12-16
chirps,101990961244800201,2021-12-17
chirps,101990961244800201,2021-12-18
chirps,101990961244800201,2021-12-19
chirps,101990961244800201,2021-12-20
chirps,101990961244800201,2021-12-21
chirps,101990961244800201,2021-12-22
chirps,101990961244800201,2021-12-23
chirps,101990961244800201,2021-12-24
chirps,101990961244800201,2021-12-25
chirps,101990961244800201,2021-12-26
chirps,101990961244800201,2021-12-27
chirps,101990961244800201,2021-12-28
chirps,101990961244800201,2021-12-29
chirps,101990961244800201,2021-12-30
chirps,101990961244800201,2021-12-31
chirps,101990961244800207,2021-12-01
chirps,101990961244800207,2021-12-02
chirps,101990961244800207,2021-12-03
chirps,101990961244800207,2021-12-04
chirps,101990961244800207,2021-12-05
chirps,101990961244800207,2021-12-06
chirps,101990961244800207,2021-12-07
chirps,101990961244800207,2021-12-08
chirps,101990961244800207,2021-12-09
chirps,101990961244800207,2021-12-10
chirps,101990961244800207,2021-12-11
chirps,101990961244800207,2021-12-12
chirps,101990961244800207,2021-12-13
chirps,101990961244800207,2021-12-14
chirps,101990961244800207,2021-12-15
chirps,101990961244800207,2021-12-16
chirps,101990961244800207,2021-12-17
chirps,101990961244800207,2021-12-18
chirps,101990961244800207,2021-12-19
chirps,101990961244800207,2021-12-20
chirps,101990961244800207,2021-12-21
chirps,101990961244800207,2021-12-22
chirps,101990961244800207,2021-12-23
chirps,101990961244800207,2021-12-24
chirps,101990961244800207,2021-12-25
chirps,101990961244800207,2021-12-26
chirps,101990961244800207,2021-12-27
chirps,101990961244800207,2021-12-28
chirps,101990961244800207,2021-12-29
chirps,101990961244800207,2021-12-30
chirps,101990961244800207,2021-12-31
chirps,101990961244800222,2021-12-01
chirps,101990961244800222,2021-12-02
chirps,101990961244800222,2021-12-03
chirps,101990961244800222,2021-12-04
chirps,101990961244800222,2021-12-05
chirps,101990961244800222,2021-12-06
chirps,101990961244800222,2021-12-07
chirps,101990961244800222,2021-12-08
chirps,101990961244800222,2021-12-09
chirps,101990961244800222,2021-12-10
chirps,101990961244800222,2021-12-11
chirps,101990961244800222,2021-12-12
chirps,101990961244800222,2021-12-13
chirps,101990961244800222,2021-12-14
chirps,101990961244800222,2021-12-15
chirps,101990961244800222,2021-12-16
chirps,101990961244800222,2021-12-17
chirps,101990961244800222,2021-12-18
chirps,101990961244800222,2021-12-19
chirps,101990961244800222,2021-12-20
chirps,101990961244800222,2021-12-21
chirps,101990961244800222,2021-12-22
chirps,101990961244800222,2021-12-23
chirps,101990961244800222,2021-12-24
chirps,101990961244800222,2021-12-25
chirps,101990961244800222,2021-12-26
chirps,101990961244800222,2021-12-27
chirps,101990961244800222,2021-12-28
chirps,101990961244800222,2021-12-29
chirps,101990961244800222,2021-12-30
chirps,101990961244800222,2021-12-31
chirps,101990961244800246,2021-12-01
chirps,101990961244800246,2021-12-02
chirps,101990961244800246,2021-12-03
chirps,101990961244800246,2021-12-04
chirps,101990961244800246,2021-12-05
chirps,101990961244800246,2021-12-06
chirps,101990961244800246,2021-12-07
chirps,101990961244800246,2021-12-08
chirps,101990961244800246,2021-12-09
chirps,101990961244800246,2021-12-10
chirps,101990961244800246,2021-12-11
chirps,101990961244800246,2021-12-12
chirps,101990961244800246,2021-12-13
chirps,101990961244800246,2021-12-14
chirps,101990961244800246,2021-12-15
chirps,101990961244800246,2021-12-16
chirps,101990961244800246,2021-12-17
chirps,101990961244800246,2021-12-18
chirps,101990961244800246,2021-12-19
chirps,101990961244800246,2021-12-20
chirps,101990961244800246,2021-12-21
chirps,101990961244800246,2021-12-22
chirps,101990961244800246,2021-12-23
chirps,101990961244800246,2021-12-24
chirps,101990961244800246,2021-12-25
chirps,101990961244800246,2021-12-26
chirps,101990961244800246,2021-12-27
chirps,101990961244800246,2021-12-28
chirps,101990961244800246,2021-12-29
chirps,101990961244800246,2021-12-30
chirps,101990961244800246,2021-12-31
chirps,101990961244800270,2021-12-01
chirps,101990961244800270,2021-12-02
chirps,101990961244800270,2021-12-03
chirps,101990961244800270,2021-12-04
chirps,101990961244800270,2021-12-05
chirps,101990961244800270,2021-12-06
chirps,101990961244800270,2021-12-07
chirps,101990961244800270,2021-12-08
chirps,101990961244800270,2021-12-09
chirps,101990961244800270,2021-12-10
chirps,101990961244800270,2021-12-11
chirps,101990961244800270,2021-12-12
chirps,101990961244800270,2021-12-13
chirps,101990961244800270,2021-12-14
chirps,101990961244800270,2021-12-15
chirps,101990961244800270,2021-12-16
chirps,101990961244800270,2021-12-17
chirps,101990961244800270,2021-12-18
chirps,101990961244800270,2021-12-19
chirps,101990961244800270,2021-12-20
chirps,101990961244800270,2021-12-21
chirps,101990961244800270,2021-12-22
chirps,101990961244800270,2021-12-23
chirps,101990961244800270,2021-12-24
chirps,101990961244800270,2021-12-25
chirps,101990961244800270,2021-12-26
chirps,101990961244800270,2021-12-27
chirps,101990961244800270,2021-12-28
chirps,101990961244800270,2021-12-29
chirps,101990961244800270,2021-12-30
chirps,101990961244800270,2021-12-31
chirps,101990961244800281,2021-12-01
chirps,101990961244800281,2021-12-02
chirps,101990961244800281,2021-12-03
chirps,101990961244800281,2021-12-04
chirps,101990961244800281,2021-12-05
chirps,101990961244800281,2021-12-06
chirps,101990961244800281,2021-12-07
chirps,101990961244800281,2021-12-08
chirps,101990961244800281,2021-12-09
chirps,101990961244800281,2021-12-10
chirps,101990961244800281,2021-12-11
chirps,101990961244800281,2021-12-12
chirps,101990961244800281,2021-12-13
chirps,101990961244800281,2021-12-14
chirps,101990961244800281,2021-12-15
chirps,101990961244800281,2021-12-16
chirps,101990961244800281,2021-12-17
chirps,101990961244800281,2021-12-18
chirps,101990961244800281,2021-12-19
chirps,101990961244800281,2021-12-20
chirps,101990961244800281,2021-12-21
chirps,101990961244800281,2021-12-22
chirps,101990961244800281,2021-12-23
chirps,101990961244800281,2021-12-24
chirps,101990961244800281,2021-12-25
chirps,101990961244800281,2021-12-26
chirps,101990961244800281,2021-12-27
chirps,101990961244800281,2021-12-28
chirps,101990961244800281,2021-12-29
chirps,101990961244800281,2021-12-30
chirps,101990961244800281,2021-12-31
chirps,101990961244800302,2021-12-01
chirps,101990961244800302,2021-12-02
chirps,101990961244800302,2021-12-03
chirps,101990961244800302,2021-12-04
chirps,101990961244800302,2021-12-05
chirps,101990961244800302,2021-12-06
chirps,101990961244800302,2021-12-07
chirps,101990961244800302,2021-12-08
chirps,101990961244800302,2021-12-09
chirps,101990961244800302,2021-12-10
chirps,101990961244800302,2021-12-11
chirps,101990961244800302,2021-12-12
chirps,101990961244800302,2021-12-13
chirps,101990961244800302,2021-12-14
chirps,101990961244800302,2021-12-15
chirps,101990961244800302,2021-12-16
chirps,101990961244800302,2021-12-17
chirps,101990961244800302,2021-12-18
chirps,101990961244800302,2021-12-19
chirps,101990961244800302,2021-12-20
chirps,101990961244800302,2021-12-21
chirps,101990961244800302,2021-12-22
chirps,101990961244800302,2021-12-23
chirps,101990961244800302,2021-12-24
chirps,101990961244800302,2021-12-25
chirps,101990961244800302,2021-12-26
chirps,101990961244800302,2021-12-27
chirps,101990961244800302,2021-12-28
chirps,101990961244800302,2021-12-29
chirps,101990961244800302,2021-12-30
chirps,101990961244800302,2021-12-31
chirps,101990961244800306,2021-12-01
chirps,101990961244800306,2021-12-02
chirps,101990961244800306,2021-12-03
chirps,101990961244800306,2021-12-04
chirps,101990961244800306,2021-12-05
chirps,101990961244800306,2021-12-06
chirps,101990961244800306,2021-12-07
chirps,101990961244800306,2021-12-08
chirps,101990961244800306,2021-12-09
chirps,101990961244800306,2021-12-10
chirps,101990961244800306,2021-12-11
chirps,101990961244800306,2021-12-12
chirps,101990961244800306,2021-12-13
chirps,101990961244800306,2021-12-14
chirps,101990961244800306,2021-12-15
chirps,101990961244800306,2021-12-16
chirps,101990961244800306,2021-12-17
chirps,101990961244800306,2021-12-18
chirps,101990961244800306,2021-12-19
chirps,101990961244800306,2021-12-20
chirps,101990961244800306,2021-12-21
chirps,101990961244800306,2021-12-22
chirps,101990961244800306,2021-12-23
chirps,101990961244800306,2021-12-24
chirps,101990961244800306,2021-12-25
chirps,101990961244800306,2021-12-26
chirps,101990961244800306,2021-12-27
chirps,101990961244800306,2021-12-28
chirps,101990961244800306,2021-12-29
chirps,101990961244800306,2021-12-30
chirps,101990961244800306,2021-12-31
chirps,101990961244800317,2021-12-01
chirps,101990961244800317,2021-12-02
chirps,101990961244800317,2021-12-03
chirps,101990961244800317,2021-12-04
chirps,101990961244800317,2021-12-05
chirps,101990961244800317,2021-12-06
chirps,101990961244800317,2021-12-07
chirps,101990961244800317,2021-12-08
chirps,101990961244800317,2021-12-09
chirps,101990961244800317,2021-12-10
chirps,101990961244800317,2021-12-11
chirps,101990961244800317,2021-12-12
chirps,101990961244800317,2021-12-13
chirps,101990961244800317,2021-12-14
chirps,101990961244800317,2021-12-15
chirps,101990961244800317,2021-12-16
chirps,101990961244800317,2021-12-17
chirps,101990961244800317,2021-12-18
chirps,101990961244800317,2021-12-19
chirps,101990961244800317,2021-12-20
chirps,101990961244800317,2021-12-21
chirps,101990961244800317,2021-12-22
chirps,101990961244800317,2021-12-23
chirps,101990961244800317,2021-12-24
chirps,101990961244800317,2021-12-25
chirps,101990961244800317,2021-12-26
chirps,101990961244800317,2021-12-27
chirps,101990961244800317,2021-12-28
chirps,101990961244800317,2021-12-29
chirps,101990961244800317,2021-12-30
chirps,101990961244800317,2021-12-31
chirps,101990961244800336,2021-12-01
chirps,101990961244800336,2021-12-02
chirps,101990961244800336,2021-12-03
chirps,101990961244800336,2021-12-04
chirps,101990961244800336,2021-12-05
chirps,101990961244800336,2021-12-06
chirps,101990961244800336,2021-12-07
chirps,101990961244800336,2021-12-08
chirps,101990961244800336,2021-12-09
chirps,101990961244800336,2021-12-10
chirps,101990961244800336,2021-12-11
chirps,101990961244800336,2021-12-12
chirps,101990961244800336,2021-12-13
chirps,101990961244800336,2021-12-14
chirps,101990961244800336,2021-12-15
chirps,101990961244800336,2021-12-16
chirps,101990961244800336,2021-12-17
chirps,101990961244800336,2021-12-18
chirps,101990961244800336,2021-12-19
chirps,101990961244800336,2021-12-20
chirps,101990961244800336,2021-12-21
chirps,101990961244800336,2021-12-22
chirps,101990961244800336,2021-12-23
chirps,101990961244800336,2021-12-24
chirps,101990961244800336,2021-12-25
chirps,101990961244800336,2021-12-26
chirps,101990961244800336,2021-12-27
chirps,101990961244800336,2021-12-28
chirps,101990961244800336,2021-12-29
chirps,101990961244800336,2021-12-30
chirps,101990961244800336,2021-12-31
chirps,101990961244800342,2021-12-01
chirps,101990961244800342,2021-12-02
chirps,101990961244800342,2021-12-03
chirps,101990961244800342,2021-12-04
chirps,101990961244800342,2021-12-05
chirps,101990961244800342,2021-12-06
chirps,101990961244800342,2021-12-07
chirps,101990961244800342,2021-12-08
chirps,101990961244800342,2021-12-09
chirps,101990961244800342,2021-12-10
chirps,101990961244800342,2021-12-11
chirps,101990961244800342,2021-12-12
chirps,101990961244800342,2021-12-13
chirps,101990961244800342,2021-12-14
chirps,101990961244800342,2021-12-15
chirps,101990961244800342,2021-12-16
chirps,101990961244800342,2021-12-17
chirps,101990961244800342,2021-12-18
chirps,101990961244800342,2021-12-19
chirps,101990961244800342,2021-12-20
chirps,101990961244800342,2021-12-21
chirps,101990961244800342,2021-12-22
chirps,101990961244800342,2021-12-23
chirps,101990961244800342,2021-12-24
chirps,101990961244800342,2021-12-25
chirps,101990961244800342,2021-12-26
chirps,101990961244800342,2021-12-27
chirps,101990961244800342,2021-12-28
chirps,101990961244800342,2021-12-29
chirps,101990961244800342,2021-12-30
chirps,101990961244800342,2021-12-31
chirps,101990961244800348,2021-12-01
chirps,101990961244800348,2021-12-02
chirps,101990961244800348,2021-12-03
chirps,101990961244800348,2021-12-04
chirps,101990961244800348,2021-12-05
chirps,101990961244800348,2021-12-06
chirps,101990961244800348,2021-12-07
chirps,101990961244800348,2021-12-08
chirps,101990961244800348,2021-12-09
chirps,101990961244800348,2021-12-10
chirps,101990961244800348,2021-12-11
chirps,101990961244800348,2021-12-12
chirps,101990961244800348,2021-12-13
chirps,101990961244800348,2021-12-14
chirps,101990961244800348,2021-12-15
chirps,101990961244800348,2021-12-16
chirps,101990961244800348,2021-12-17
chirps,101990961244800348,2021-12-18
chirps,101990961244800348,2021-12-19
chirps,101990961244800348,2021-12-20
chirps,101990961244800348,2021-12-21
chirps,101990961244800348,2021-12-22
chirps,101990961244800348,2021-12-23
chirps,101990961244800348,2021-12-24
chirps,101990961244800348,2021-12-25
chirps,101990961244800348,2021-12-26
chirps,101990961244800348,2021-12-27
chirps,101990961244800348,2021-12-28
chirps,101990961244800348,2021-12-29
chirps,101990961244800348,2021-12-30
chirps,101990961244800348,2021-12-31
chirps,101990961244800361,2021-12-01
chirps,101990961244800361,2021-12-02
chirps,101990961244800361,2021-12-03
chirps,101990961244800361,2021-12-04
chirps,101990961244800361,2021-12-05
chirps,101990961244800361,2021-12-06
chirps,101990961244800361,2021-12-07
chirps,101990961244800361,2021-12-08
chirps,101990961244800361,2021-12-09
chirps,101990961244800361,2021-12-10
chirps,101990961244800361,2021-12-11
chirps,101990961244800361,2021-12-12
chirps,101990961244800361,2021-12-13
chirps,101990961244800361,2021-12-14
chirps,101990961244800361,2021-12-15
chirps,101990961244800361,2021-12-16
chirps,101990961244800361,2021-12-17
chirps,101990961244800361,2021-12-18
chirps,101990961244800361,2021-12-19
chirps,101990961244800361,2021-12-20
chirps,101990961244800361,2021-12-21
chirps,101990961244800361,2021-12-22
chirps,101990961244800361,2021-12-23
chirps,101990961244800361,2021-12-24
chirps,101990961244800361,2021-12-25
chirps,101990961244800361,2021-12-26
chirps,101990961244800361,2021-12-27
chirps,101990961244800361,2021-12-28
chirps,101990961244800361,2021-12-29
chirps,101990961244800361,2021-12-30
chirps,101990961244800361,2021-12-31
chirps,101990961244800375,2021-12-01
chirps,101990961244800375,2021-12-02
chirps,101990961244800375,2021-12-03
chirps,101990961244800375,2021-12-04
chirps,101990961244800375,2021-12-05
chirps,101990961244800375,2021-12-06
chirps,101990961244800375,2021-12-07
chirps,101990961244800375,2021-12-08
chirps,101990961244800375,2021-12-09
chirps,101990961244800375,2021-12-10
chirps,101990961244800375,2021-12-11
chirps,101990961244800375,2021-12-12
chirps,101990961244800375,2021-12-13
chirps,101990961244800375,2021-12-14
chirps,101990961244800375,2021-12-15
chirps,101990961244800375,2021-12-16
chirps,101990961244800375,2021-12-17
chirps,101990961244800375,2021-12-18
chirps,101990961244800375,2021-12-19
chirps,101990961244800375,2021-12-20
chirps,101990961244800375,2021-12-21
chirps,101990961244800375,2021-12-22
chirps,101990961244800375,2021-12-23
chirps,101990961244800375,2021-12-24
chirps,101990961244800375,2021-12-25
chirps,101990961244800375,2021-12-26
chirps,101990961244800375,2021-12-27
chirps,101990961244800375,2021-12-28
chirps,101990961244800375,2021-12-29
chirps,101990961244800375,2021-12-30
chirps,101990961244800375,2021-12-31
chirps,101990961244800389,2021-12-01
chirps,101990961244800389,2021-12-02
chirps,101990961244800389,2021-12-03
chirps,101990961244800389,2021-12-04
chirps,101990961244800389,2021-12-05
chirps,101990961244800389,2021-12-06
chirps,101990961244800389,2021-12-07
chirps,101990961244800389,2021-12-08
chirps,101990961244800389,2021-12-09
chirps,101990961244800389,2021-12-10
chirps,101990961244800389,2021-12-11
chirps,101990961244800389,2021-12-12
chirps,101990961244800389,2021-12-13
chirps,101990961244800389,2021-12-14
chirps,101990961244800389,2021-12-15
chirps,101990961244800389,2021-12-16
chirps,101990961244800389,2021-12-17
chirps,101990961244800389,2021-12-18
chirps,101990961244800389,2021-12-19
chirps,101990961244800389,2021-12-20
chirps,101990961244800389,2021-12-21
chirps,101990961244800389,2021-12-22
chirps,101990961244800389,2021-12-23
chirps,101990961244800389,2021-12-24
chirps,101990961244800389,2021-12-25
chirps,101990961244800389,2021-12-26
chirps,101990961244800389,2021-12-27
chirps,101990961244800389,2021-12-28
chirps,101990961244800389,2021-12-29
chirps,101990961244800389,2021-12-30
chirps,101990961244800389,2021-12-31
chirps,101990961244800393,2021-12-01
chirps,101990961244800393,2021-12-02
chirps,101990961244800393,2021-12-03
chirps,101990961244800393,2021-12-04
chirps,101990961244800393,2021-12-05
chirps,101990961244800393,2021-12-06
chirps,101990961244800393,2021-12-07
chirps,101990961244800393,2021-12-08
chirps,101990961244800393,2021-12-09
chirps,101990961244800393,2021-12-10
chirps,101990961244800393,2021-12-11
chirps,101990961244800393,2021-12-12
chirps,101990961244800393,2021-12-13
chirps,101990961244800393,2021-12-14
chirps,101990961244800393,2021-12-15
chirps,101990961244800393,2021-12-16
chirps,101990961244800393,2021-12-17
chirps,101990961244800393,2021-12-18
chirps,101990961244800393,2021-12-19
chirps,101990961244800393,2021-12-20
chirps,101990961244800393,2021-12-21
chirps,101990961244800393,2021-12-22
chirps,101990961244800393,2021-12-23
chirps,101990961244800393,2021-12-24
chirps,101990961244800393,2021-12-25
chirps,101990961244800393,2021-12-26
chirps,101990961244800393,2021-12-27
chirps,101990961244800393,2021-12-28
chirps,101990961244800393,2021-12-29
chirps,101990961244800393,2021-12-30
chirps,101990961244800393,2021-12-31
chirps,101990961244800395,2021-12-01
chirps,101990961244800395,2021-12-02
chirps,101990961244800395,2021-12-03
chirps,101990961244800395,2021-12-04
chirps,101990961244800395,2021-12-05
chirps,101990961244800395,2021-12-06
chirps,101990961244800395,2021-12-07
chirps,101990961244800395,2021-12-08
chirps,101990961244800395,2021-12-09
chirps,101990961244800395,2021-12-10
chirps,101990961244800395,2021-12-11
chirps,101990961244800395,2021-12-12
chirps,101990961244800395,2021-12-13
chirps,101990961244800395,2021-12-14
chirps,101990961244800395,2021-12-15
chirps,101990961244800395,2021-12-16
chirps,101990961244800395,2021-12-17
chirps,101990961244800395,2021-12-18
chirps,101990961244800395,2021-12-19
chirps,101990961244800395,2021-12-20
chirps,101990961244800395,2021-12-21
chirps,101990961244800395,2021-12-22
chirps,101990961244800395,2021-12-23
chirps,101990961244800395,2021-12-24
chirps,101990961244800395,2021-12-25
chirps,101990961244800395,2021-12-26
chirps,101990961244800395,2021-12-27
chirps,101990961244800395,2021-12-28
chirps,101990961244800395,2021-12-29
chirps,101990961244800395,2021-12-30
chirps,101990961244800395,2021-12-31
