dataset,variable,records,raw_missing,missing_or_invalid,missing_pct
iot,record_id,717471,0,0,0.0
iot,device_id,717471,0,0,0.0
iot,dev_eui,717471,243996,243996,34.007785680536216
iot,application_id,717471,243996,243996,34.007785680536216
iot,received_at,717471,0,0,0.0
iot,latitude,717471,0,0,0.0
iot,longitude,717471,0,0,0.0
iot,altitude,717471,0,0,0.0
iot,air_temperature,717471,42061,42061,5.862397225811217
iot,air_humidity,717471,42061,42061,5.862397225811217
iot,barometric_pressure,717471,47134,47134,6.569464131651314
iot,wind_speed,717471,42061,42061,5.862397225811217
iot,peak_wind_gust,717471,41888,41888,5.838284752972594
iot,wind_direction,717471,47134,47134,6.569464131651314
iot,rain_accumulation,717471,41888,41888,5.838284752972594
iot,rain_gauge,717471,47134,47134,6.569464131651314
iot,light_intensity,717471,42061,42061,5.862397225811217
iot,uv_index,717471,42061,42061,5.862397225811217
iot,sensor_error,717471,36384,36384,5.07114573271951
iot,gateway_id,717471,243996,243996,34.007785680536216
iot,rssi,717471,243996,243996,34.007785680536216
iot,snr,717471,243996,243996,34.007785680536216
openmeteo,device_id,255840,0,0,0.0
openmeteo,latitude,255840,0,0,0.0
openmeteo,longitude,255840,0,0,0.0
openmeteo,altitude,255840,0,0,0.0
openmeteo,timestamp,255840,0,0,0.0
openmeteo,temperature_2m,255840,0,0,0.0
openmeteo,relative_humidity_2m,255840,0,0,0.0
openmeteo,surface_pressure,255840,0,0,0.0
openmeteo,wind_speed_10m,255840,0,0,0.0
openmeteo,wind_gusts_10m,255840,19680,19680,7.6923076923076925
openmeteo,wind_direction_10m,255840,0,0,0.0
openmeteo,precipitation,255840,0,0,0.0
openmeteo,uv_index,255840,255840,255840,100.0
nasa_power,date,63674,0,0,0.0
nasa_power,device_id,63674,0,0,0.0
nasa_power,latitude,63674,0,0,0.0
nasa_power,longitude,63674,0,0,0.0
nasa_power,T2M,63674,78,78,0.12249897917517354
nasa_power,RH2M,63674,78,78,0.12249897917517354
nasa_power,PRECTOTCORR,63674,78,78,0.12249897917517354
nasa_power,ALLSKY_SFC_SW_DWN,63674,130,130,0.2041649652919559
nasa_power,WS2M,63674,78,78,0.12249897917517354
nasa_power,WD2M,63674,1170,1170,1.8374846876276032
chirps,date,62504,0,0,0.0
chirps,device_id,62504,0,0,0.0
chirps,latitude,62504,0,0,0.0
chirps,longitude,62504,0,0,0.0
chirps,rainfall_mm,62504,0,0,0.0
