dataset,variable,invalid_numeric,nonfinite,provider_fill_values
iot,latitude,0,0,0
iot,longitude,0,0,0
iot,air_temperature,0,0,0
iot,air_humidity,0,0,0
iot,barometric_pressure,0,0,0
iot,wind_speed,0,0,0
iot,peak_wind_gust,0,0,0
iot,wind_direction,0,0,0
iot,rain_accumulation,0,0,0
iot,rain_gauge,0,0,0
iot,light_intensity,0,0,0
iot,uv_index,0,0,0
iot,altitude,0,0,0
iot,sensor_error,0,0,0
iot,rssi,0,0,0
iot,snr,0,0,0
openmeteo,latitude,0,0,0
openmeteo,longitude,0,0,0
openmeteo,temperature_2m,0,0,0
openmeteo,relative_humidity_2m,0,0,0
openmeteo,surface_pressure,0,0,0
openmeteo,wind_speed_10m,0,0,0
openmeteo,wind_gusts_10m,0,0,0
openmeteo,wind_direction_10m,0,0,0
openmeteo,precipitation,0,0,0
openmeteo,uv_index,0,0,0
openmeteo,altitude,0,0,0
nasa_power,latitude,0,0,0
nasa_power,longitude,0,0,0
nasa_power,T2M,0,0,0
nasa_power,RH2M,0,0,0
nasa_power,PRECTOTCORR,0,0,0
nasa_power,ALLSKY_SFC_SW_DWN,0,0,0
nasa_power,WS2M,0,0,0
nasa_power,WD2M,0,0,0
chirps,latitude,0,0,0
chirps,longitude,0,0,0
chirps,rainfall_mm,0,0,0
