device_id,records,missing_rain_accumulation,negative_accumulation,ambiguous_same_time_rows_omitted,valid_comparisons,reset_candidates,largest_drop_mm,min_accumulation_mm,max_accumulation_mm
101990961244800001,30739,1350,0,0,29388,0,,237.236,1953.768
101990961244800005,25356,763,0,0,24592,0,,322.072,1293.876
101990961244800061,31001,1261,0,0,29739,0,,290.576,2378.964
101990961244800083,33783,2654,0,0,31128,0,,256.286,1023.62
101990961244800101,31471,2295,0,0,29175,0,,146.812,1962.658
101990961244800102,31858,2835,0,0,29022,1,0.2540000000001328,291.338,2287.016
101990961244800113,31984,2429,0,0,29554,0,,263.906,1991.106
101990961244800131,16754,1291,0,0,15462,0,,982.98,2195.322
101990961244800184,30932,2689,0,0,28242,0,,326.644,2279.65
101990961244800201,26166,902,0,0,25263,0,,194.31,1591.056
101990961244800207,30144,2018,0,0,28125,0,,265.684,1248.664
101990961244800222,16270,801,0,0,15468,1,0.2539999999999054,237.49,1740.662
101990961244800246,26733,866,0,0,25866,0,,200.66,1742.186
101990961244800270,19418,1069,0,0,18348,0,,183.388,2085.086
101990961244800281,24426,1340,0,0,23085,0,,278.384,1542.288
101990961244800302,28972,1080,0,0,27891,0,,234.442,2086.102
101990961244800306,31885,3192,0,0,28692,0,,220.98,2081.784
101990961244800317,33975,1829,0,0,32145,0,,226.568,2355.342
101990961244800336,28438,1850,0,0,26587,0,,312.674,1895.602
101990961244800342,26685,917,0,0,25767,0,,383.794,2206.498
101990961244800348,31773,1167,0,0,30605,0,,181.61,1951.482
101990961244800361,16942,1391,0,0,15550,0,,266.446,2021.078
101990961244800375,21138,836,0,0,20301,0,,168.91,1728.724
101990961244800389,31387,1797,0,0,29589,0,,241.046,1765.808
101990961244800393,28922,1606,0,0,27315,0,,5.588,2093.468
101990961244800395,30319,1660,0,0,28658,0,,319.532,2171.446
