device_id,records,zero_flags,nonzero_flags,missing_flags,missing_flag_pct,all_weather_missing,zero_flag_any_weather_missing,zero_flag_missing_temperature,missing_flag_with_temperature
101990961244800001,30739,29606,0,1133,3.6858713686196687,1350,424,219,0
101990961244800005,25356,24804,0,552,2.1769995267392335,763,415,212,0
101990961244800061,31001,29979,0,1022,3.296667849424212,1261,409,245,0
101990961244800083,33783,31372,0,2411,7.136725572033271,2654,478,244,0
101990961244800101,31471,29418,0,2053,6.523466048107782,2295,468,244,0
101990961244800102,31858,29249,0,2609,8.189465754284639,2835,393,228,0
101990961244800113,31984,29795,0,2189,6.844047023511756,2429,463,242,0
101990961244800131,16754,15649,0,1105,6.595439894950459,1291,354,198,0
101990961244800184,30932,28454,0,2478,8.011121169015906,2689,408,231,0
101990961244800201,26166,25452,0,714,2.7287319422150884,902,349,196,0
101990961244800207,30144,28350,0,1794,5.951433121019108,2018,400,224,0
101990961244800222,16270,15627,0,643,3.952059004302397,801,313,159,0
101990961244800246,26733,26037,0,696,2.603523734709909,866,292,170,0
101990961244800270,19418,18497,0,921,4.743021938407663,1069,332,154,0
101990961244800281,24426,23283,0,1143,4.679439941046426,1340,473,203,0
101990961244800302,28972,28124,0,848,2.926963965207787,1080,475,250,0
101990961244800306,31885,28931,0,2954,9.264544456641055,3192,488,259,0
101990961244800317,33975,32378,0,1597,4.700515084621045,1829,453,261,0
101990961244800336,28438,26805,0,1633,5.742316618608903,1850,502,223,0
101990961244800342,26685,25975,0,710,2.6606707888326775,917,390,208,0
101990961244800348,31773,30827,0,946,2.977370723570327,1167,426,229,0
101990961244800361,16942,15755,0,1187,7.006256640302207,1391,415,206,0
101990961244800375,21138,20475,0,663,3.1365313653136533,836,409,174,0
101990961244800389,31387,29807,0,1580,5.033931245420078,1797,446,221,0
101990961244800393,28922,27551,0,1371,4.740336076343268,1606,417,242,0
101990961244800395,30319,28887,0,1432,4.7231109205448725,1660,497,235,0
