dataset,device_id,records,first_timestamp,last_timestamp,first_date,last_date,active_days,span_days,days_without_records_within_span,median_interval_minutes,max_gap_hours,gaps_over_24h,duplicate_station_times_extra,missing_time_slots_within_span
iot,101990961244800001,30739,2025-08-10 06:44:58.812000+00:00,2026-09-07 16:02:45.748000+00:00,2025-08-10,2026-09-07,345,394,49,15.106433333333332,376.2471038888889,15,0,
iot,101990961244800005,25356,2025-08-12 14:50:51.380000+00:00,2026-09-04 17:25:33.653000+00:00,2025-08-12,2026-09-04,310,389,79,15.10635,881.3746880555556,17,0,
iot,101990961244800061,31001,2025-08-10 06:50:48.628000+00:00,2026-09-06 17:29:36.673000+00:00,2025-08-10,2026-09-06,354,393,39,15.106566666666666,325.3571225,14,0,
iot,101990961244800083,33783,2025-08-10 06:52:45.423000+00:00,2026-09-14 17:41:45.392000+00:00,2025-08-10,2026-09-14,357,401,44,15.106266666666667,325.95069916666665,17,0,
iot,101990961244800101,31471,2025-08-10 07:21:27.372000+00:00,2026-09-14 17:41:51.702000+00:00,2025-08-10,2026-09-14,364,401,37,15.1064,326.4095063888889,14,0,
iot,101990961244800102,31858,2025-08-10 06:57:25.334000+00:00,2026-09-08 08:06:13.765000+00:00,2025-08-10,2026-09-08,344,395,51,15.106283333333334,396.9156197222222,26,0,
iot,101990961244800113,31984,2025-08-10 07:08:52.117000+00:00,2026-09-08 07:34:34.654000+00:00,2025-08-10,2026-09-08,359,395,36,15.106516666666664,325.4777080555556,16,0,
iot,101990961244800131,16754,2025-11-30 06:27:47.688000+00:00,2026-09-14 16:48:38.529000+00:00,2025-11-30,2026-09-14,218,289,71,15.106233333333334,396.4650397222222,14,0,
iot,101990961244800184,30932,2025-08-10 07:10:09.678000+00:00,2026-09-07 15:31:18.347000+00:00,2025-08-10,2026-09-07,329,394,65,15.106383333333333,375.84635694444444,24,0,
iot,101990961244800201,26166,2025-08-10 07:10:28.046000+00:00,2026-09-08 07:48:51.061000+00:00,2025-08-10,2026-09-08,310,395,85,15.106483333333335,402.38583305555557,30,0,
iot,101990961244800207,30144,2025-08-10 07:09:43.748000+00:00,2026-09-14 16:07:44.691000+00:00,2025-08-10,2026-09-14,358,401,43,15.106233333333334,328.64467583333334,19,0,
iot,101990961244800222,16270,2025-08-09 21:36:42.869000+00:00,2026-09-07 16:26:59.642000+00:00,2025-08-10,2026-09-07,255,394,139,15.10625,354.84392499999996,47,0,
iot,101990961244800246,26733,2025-08-09 21:32:12.099000+00:00,2026-09-07 19:04:56.240000+00:00,2025-08-10,2026-09-07,292,394,102,15.106416666666668,1500.8546158333331,17,0,
iot,101990961244800270,19418,2025-08-09 21:27:35.017000+00:00,2026-09-14 17:29:45.443000+00:00,2025-08-10,2026-09-14,269,401,132,15.106216666666667,371.48960944444445,40,0,
iot,101990961244800281,24426,2025-08-09 21:34:16.280000+00:00,2026-09-07 17:29:29.850000+00:00,2025-08-10,2026-09-07,324,394,70,15.104950000000002,661.5389483333333,10,0,
iot,101990961244800302,28972,2025-08-09 21:24:17.786000+00:00,2026-09-14 16:53:55.940000+00:00,2025-08-10,2026-09-14,346,401,55,15.106416666666668,325.7643305555556,20,0,
iot,101990961244800306,31885,2025-08-09 21:22:10.198000+00:00,2026-09-07 16:02:40.663000+00:00,2025-08-10,2026-09-07,359,394,35,15.106499999999999,323.9748666666667,14,0,
iot,101990961244800317,33975,2025-08-09 21:29:29.548000+00:00,2026-09-06 16:50:47.946000+00:00,2025-08-10,2026-09-06,352,393,41,15.106183333333332,325.8856519444445,18,0,
iot,101990961244800336,28438,2025-08-09 21:21:21.244000+00:00,2026-09-06 12:16:06.192000+00:00,2025-08-10,2026-09-06,341,393,52,15.106449999999999,327.37437305555557,18,0,
iot,101990961244800342,26685,2025-08-09 21:17:24.284000+00:00,2026-09-14 16:40:06.095000+00:00,2025-08-10,2026-09-14,306,401,95,15.106499999999999,376.60012361111114,24,0,
iot,101990961244800348,31773,2025-08-09 21:26:53.469000+00:00,2026-09-06 16:40:03.962000+00:00,2025-08-10,2026-09-06,348,393,45,15.106300000000001,326.57486833333337,20,0,
iot,101990961244800361,16942,2025-08-09 21:19:17.557000+00:00,2026-08-05 17:43:14.277000+00:00,2025-08-10,2026-08-05,223,361,138,15.106583333333333,2665.103797222222,9,0,
iot,101990961244800375,21138,2025-08-09 21:24:27.887000+00:00,2026-08-28 17:47:24.763000+00:00,2025-08-10,2026-08-28,314,384,70,15.106233333333334,399.8771658333333,22,0,
iot,101990961244800389,31387,2025-08-09 21:15:13.979000+00:00,2026-09-05 17:05:56.776000+00:00,2025-08-10,2026-09-05,342,392,50,15.10585,325.7065719444444,17,0,
iot,101990961244800393,28922,2025-08-09 21:25:44.751000+00:00,2026-09-08 06:59:01.659000+00:00,2025-08-10,2026-09-08,356,395,39,15.106316666666666,375.2616386111111,17,0,
iot,101990961244800395,30319,2025-08-09 21:15:24.914000+00:00,2026-09-14 17:45:02.416000+00:00,2025-08-10,2026-09-14,351,401,50,15.106066666666669,326.1692013888889,18,0,
openmeteo,101990961244800001,9840,2025-07-31 21:00:00+00:00,2026-09-14 20:00:00+00:00,2025-08-01,2026-09-14,410,410,0,60.0,1.0,0,0,0.0
openmeteo,101990961244800005,9840,2025-07-31 21:00:00+00:00,2026-09-14 20:00:00+00:00,2025-08-01,2026-09-14,410,410,0,60.0,1.0,0,0,0.0
openmeteo,101990961244800061,9840,2025-07-31 21:00:00+00:00,2026-09-14 20:00:00+00:00,2025-08-01,2026-09-14,410,410,0,60.0,1.0,0,0,0.0
openmeteo,101990961244800083,9840,2025-07-31 21:00:00+00:00,2026-09-14 20:00:00+00:00,2025-08-01,2026-09-14,410,410,0,60.0,1.0,0,0,0.0
openmeteo,101990961244800101,9840,2025-07-31 21:00:00+00:00,2026-09-14 20:00:00+00:00,2025-08-01,2026-09-14,410,410,0,60.0,1.0,0,0,0.0
openmeteo,101990961244800102,9840,2025-07-31 21:00:00+00:00,2026-09-14 20:00:00+00:00,2025-08-01,2026-09-14,410,410,0,60.0,1.0,0,0,0.0
openmeteo,101990961244800113,9840,2025-07-31 21:00:00+00:00,2026-09-14 20:00:00+00:00,2025-08-01,2026-09-14,410,410,0,60.0,1.0,0,0,0.0
openmeteo,101990961244800131,9840,2025-07-31 21:00:00+00:00,2026-09-14 20:00:00+00:00,2025-08-01,2026-09-14,410,410,0,60.0,1.0,0,0,0.0
openmeteo,101990961244800184,9840,2025-07-31 21:00:00+00:00,2026-09-14 20:00:00+00:00,2025-08-01,2026-09-14,410,410,0,60.0,1.0,0,0,0.0
openmeteo,101990961244800201,9840,2025-07-31 21:00:00+00:00,2026-09-14 20:00:00+00:00,2025-08-01,2026-09-14,410,410,0,60.0,1.0,0,0,0.0
openmeteo,101990961244800207,9840,2025-07-31 21:00:00+00:00,2026-09-14 20:00:00+00:00,2025-08-01,2026-09-14,410,410,0,60.0,1.0,0,0,0.0
openmeteo,101990961244800222,9840,2025-07-31 21:00:00+00:00,2026-09-14 20:00:00+00:00,2025-08-01,2026-09-14,410,410,0,60.0,1.0,0,0,0.0
openmeteo,101990961244800246,9840,2025-07-31 21:00:00+00:00,2026-09-14 20:00:00+00:00,2025-08-01,2026-09-14,410,410,0,60.0,1.0,0,0,0.0
openmeteo,101990961244800270,9840,2025-07-31 21:00:00+00:00,2026-09-14 20:00:00+00:00,2025-08-01,2026-09-14,410,410,0,60.0,1.0,0,0,0.0
openmeteo,101990961244800281,9840,2025-07-31 21:00:00+00:00,2026-09-14 20:00:00+00:00,2025-08-01,2026-09-14,410,410,0,60.0,1.0,0,0,0.0
openmeteo,101990961244800302,9840,2025-07-31 21:00:00+00:00,2026-09-14 20:00:00+00:00,2025-08-01,2026-09-14,410,410,0,60.0,1.0,0,0,0.0
openmeteo,101990961244800306,9840,2025-07-31 21:00:00+00:00,2026-09-14 20:00:00+00:00,2025-08-01,2026-09-14,410,410,0,60.0,1.0,0,0,0.0
openmeteo,101990961244800317,9840,2025-07-31 21:00:00+00:00,2026-09-14 20:00:00+00:00,2025-08-01,2026-09-14,410,410,0,60.0,1.0,0,0,0.0
openmeteo,101990961244800336,9840,2025-07-31 21:00:00+00:00,2026-09-14 20:00:00+00:00,2025-08-01,2026-09-14,410,410,0,60.0,1.0,0,0,0.0
openmeteo,101990961244800342,9840,2025-07-31 21:00:00+00:00,2026-09-14 20:00:00+00:00,2025-08-01,2026-09-14,410,410,0,60.0,1.0,0,0,0.0
openmeteo,101990961244800348,9840,2025-07-31 21:00:00+00:00,2026-09-14 20:00:00+00:00,2025-08-01,2026-09-14,410,410,0,60.0,1.0,0,0,0.0
openmeteo,101990961244800361,9840,2025-07-31 21:00:00+00:00,2026-09-14 20:00:00+00:00,2025-08-01,2026-09-14,410,410,0,60.0,1.0,0,0,0.0
openmeteo,101990961244800375,9840,2025-07-31 21:00:00+00:00,2026-09-14 20:00:00+00:00,2025-08-01,2026-09-14,410,410,0,60.0,1.0,0,0,0.0
openmeteo,101990961244800389,9840,2025-07-31 21:00:00+00:00,2026-09-14 20:00:00+00:00,2025-08-01,2026-09-14,410,410,0,60.0,1.0,0,0,0.0
openmeteo,101990961244800393,9840,2025-07-31 21:00:00+00:00,2026-09-14 20:00:00+00:00,2025-08-01,2026-09-14,410,410,0,60.0,1.0,0,0,0.0
openmeteo,101990961244800395,9840,2025-07-31 21:00:00+00:00,2026-09-14 20:00:00+00:00,2025-08-01,2026-09-14,410,410,0,60.0,1.0,0,0,0.0
nasa_power,101990961244800001,2449,2020-01-01 00:00:00,2026-09-14 00:00:00,2020-01-01,2026-09-14,2449,2449,0,1440.0,24.0,0,0,0.0
nasa_power,101990961244800005,2449,2020-01-01 00:00:00,2026-09-14 00:00:00,2020-01-01,2026-09-14,2449,2449,0,1440.0,24.0,0,0,0.0
nasa_power,101990961244800061,2449,2020-01-01 00:00:00,2026-09-14 00:00:00,2020-01-01,2026-09-14,2449,2449,0,1440.0,24.0,0,0,0.0
nasa_power,101990961244800083,2449,2020-01-01 00:00:00,2026-09-14 00:00:00,2020-01-01,2026-09-14,2449,2449,0,1440.0,24.0,0,0,0.0
nasa_power,101990961244800101,2449,2020-01-01 00:00:00,2026-09-14 00:00:00,2020-01-01,2026-09-14,2449,2449,0,1440.0,24.0,0,0,0.0
nasa_power,101990961244800102,2449,2020-01-01 00:00:00,2026-09-14 00:00:00,2020-01-01,2026-09-14,2449,2449,0,1440.0,24.0,0,0,0.0
nasa_power,101990961244800113,2449,2020-01-01 00:00:00,2026-09-14 00:00:00,2020-01-01,2026-09-14,2449,2449,0,1440.0,24.0,0,0,0.0
nasa_power,101990961244800131,2449,2020-01-01 00:00:00,2026-09-14 00:00:00,2020-01-01,2026-09-14,2449,2449,0,1440.0,24.0,0,0,0.0
nasa_power,101990961244800184,2449,2020-01-01 00:00:00,2026-09-14 00:00:00,2020-01-01,2026-09-14,2449,2449,0,1440.0,24.0,0,0,0.0
nasa_power,101990961244800201,2449,2020-01-01 00:00:00,2026-09-14 00:00:00,2020-01-01,2026-09-14,2449,2449,0,1440.0,24.0,0,0,0.0
nasa_power,101990961244800207,2449,2020-01-01 00:00:00,2026-09-14 00:00:00,2020-01-01,2026-09-14,2449,2449,0,1440.0,24.0,0,0,0.0
nasa_power,101990961244800222,2449,2020-01-01 00:00:00,2026-09-14 00:00:00,2020-01-01,2026-09-14,2449,2449,0,1440.0,24.0,0,0,0.0
nasa_power,101990961244800246,2449,2020-01-01 00:00:00,2026-09-14 00:00:00,2020-01-01,2026-09-14,2449,2449,0,1440.0,24.0,0,0,0.0
nasa_power,101990961244800270,2449,2020-01-01 00:00:00,2026-09-14 00:00:00,2020-01-01,2026-09-14,2449,2449,0,1440.0,24.0,0,0,0.0
nasa_power,101990961244800281,2449,2020-01-01 00:00:00,2026-09-14 00:00:00,2020-01-01,2026-09-14,2449,2449,0,1440.0,24.0,0,0,0.0
nasa_power,101990961244800302,2449,2020-01-01 00:00:00,2026-09-14 00:00:00,2020-01-01,2026-09-14,2449,2449,0,1440.0,24.0,0,0,0.0
nasa_power,101990961244800306,2449,2020-01-01 00:00:00,2026-09-14 00:00:00,2020-01-01,2026-09-14,2449,2449,0,1440.0,24.0,0,0,0.0
nasa_power,101990961244800317,2449,2020-01-01 00:00:00,2026-09-14 00:00:00,2020-01-01,2026-09-14,2449,2449,0,1440.0,24.0,0,0,0.0
nasa_power,101990961244800336,2449,2020-01-01 00:00:00,2026-09-14 00:00:00,2020-01-01,2026-09-14,2449,2449,0,1440.0,24.0,0,0,0.0
nasa_power,101990961244800342,2449,2020-01-01 00:00:00,2026-09-14 00:00:00,2020-01-01,2026-09-14,2449,2449,0,1440.0,24.0,0,0,0.0
nasa_power,101990961244800348,2449,2020-01-01 00:00:00,2026-09-14 00:00:00,2020-01-01,2026-09-14,2449,2449,0,1440.0,24.0,0,0,0.0
nasa_power,101990961244800361,2449,2020-01-01 00:00:00,2026-09-14 00:00:00,2020-01-01,2026-09-14,2449,2449,0,1440.0,24.0,0,0,0.0
nasa_power,101990961244800375,2449,2020-01-01 00:00:00,2026-09-14 00:00:00,2020-01-01,2026-09-14,2449,2449,0,1440.0,24.0,0,0,0.0
nasa_power,101990961244800389,2449,2020-01-01 00:00:00,2026-09-14 00:00:00,2020-01-01,2026-09-14,2449,2449,0,1440.0,24.0,0,0,0.0
nasa_power,101990961244800393,2449,2020-01-01 00:00:00,2026-09-14 00:00:00,2020-01-01,2026-09-14,2449,2449,0,1440.0,24.0,0,0,0.0
nasa_power,101990961244800395,2449,2020-01-01 00:00:00,2026-09-14 00:00:00,2020-01-01,2026-09-14,2449,2449,0,1440.0,24.0,0,0,0.0
chirps,101990961244800001,2404,2020-01-01 00:00:00,2026-08-31 00:00:00,2020-01-01,2026-08-31,2404,2435,31,1440.0,768.0,1,0,31.0
chirps,101990961244800005,2404,2020-01-01 00:00:00,2026-08-31 00:00:00,2020-01-01,2026-08-31,2404,2435,31,1440.0,768.0,1,0,31.0
chirps,101990961244800061,2404,2020-01-01 00:00:00,2026-08-31 00:00:00,2020-01-01,2026-08-31,2404,2435,31,1440.0,768.0,1,0,31.0
chirps,101990961244800083,2404,2020-01-01 00:00:00,2026-08-31 00:00:00,2020-01-01,2026-08-31,2404,2435,31,1440.0,768.0,1,0,31.0
chirps,101990961244800101,2404,2020-01-01 00:00:00,2026-08-31 00:00:00,2020-01-01,2026-08-31,2404,2435,31,1440.0,768.0,1,0,31.0
chirps,101990961244800102,2404,2020-01-01 00:00:00,2026-08-31 00:00:00,2020-01-01,2026-08-31,2404,2435,31,1440.0,768.0,1,0,31.0
chirps,101990961244800113,2404,2020-01-01 00:00:00,2026-08-31 00:00:00,2020-01-01,2026-08-31,2404,2435,31,1440.0,768.0,1,0,31.0
chirps,101990961244800131,2404,2020-01-01 00:00:00,2026-08-31 00:00:00,2020-01-01,2026-08-31,2404,2435,31,1440.0,768.0,1,0,31.0
chirps,101990961244800184,2404,2020-01-01 00:00:00,2026-08-31 00:00:00,2020-01-01,2026-08-31,2404,2435,31,1440.0,768.0,1,0,31.0
chirps,101990961244800201,2404,2020-01-01 00:00:00,2026-08-31 00:00:00,2020-01-01,2026-08-31,2404,2435,31,1440.0,768.0,1,0,31.0
chirps,101990961244800207,2404,2020-01-01 00:00:00,2026-08-31 00:00:00,2020-01-01,2026-08-31,2404,2435,31,1440.0,768.0,1,0,31.0
chirps,101990961244800222,2404,2020-01-01 00:00:00,2026-08-31 00:00:00,2020-01-01,2026-08-31,2404,2435,31,1440.0,768.0,1,0,31.0
chirps,101990961244800246,2404,2020-01-01 00:00:00,2026-08-31 00:00:00,2020-01-01,2026-08-31,2404,2435,31,1440.0,768.0,1,0,31.0
chirps,101990961244800270,2404,2020-01-01 00:00:00,2026-08-31 00:00:00,2020-01-01,2026-08-31,2404,2435,31,1440.0,768.0,1,0,31.0
chirps,101990961244800281,2404,2020-01-01 00:00:00,2026-08-31 00:00:00,2020-01-01,2026-08-31,2404,2435,31,1440.0,768.0,1,0,31.0
chirps,101990961244800302,2404,2020-01-01 00:00:00,2026-08-31 00:00:00,2020-01-01,2026-08-31,2404,2435,31,1440.0,768.0,1,0,31.0
chirps,101990961244800306,2404,2020-01-01 00:00:00,2026-08-31 00:00:00,2020-01-01,2026-08-31,2404,2435,31,1440.0,768.0,1,0,31.0
chirps,101990961244800317,2404,2020-01-01 00:00:00,2026-08-31 00:00:00,2020-01-01,2026-08-31,2404,2435,31,1440.0,768.0,1,0,31.0
chirps,101990961244800336,2404,2020-01-01 00:00:00,2026-08-31 00:00:00,2020-01-01,2026-08-31,2404,2435,31,1440.0,768.0,1,0,31.0
chirps,101990961244800342,2404,2020-01-01 00:00:00,2026-08-31 00:00:00,2020-01-01,2026-08-31,2404,2435,31,1440.0,768.0,1,0,31.0
chirps,101990961244800348,2404,2020-01-01 00:00:00,2026-08-31 00:00:00,2020-01-01,2026-08-31,2404,2435,31,1440.0,768.0,1,0,31.0
chirps,101990961244800361,2404,2020-01-01 00:00:00,2026-08-31 00:00:00,2020-01-01,2026-08-31,2404,2435,31,1440.0,768.0,1,0,31.0
chirps,101990961244800375,2404,2020-01-01 00:00:00,2026-08-31 00:00:00,2020-01-01,2026-08-31,2404,2435,31,1440.0,768.0,1,0,31.0
chirps,101990961244800389,2404,2020-01-01 00:00:00,2026-08-31 00:00:00,2020-01-01,2026-08-31,2404,2435,31,1440.0,768.0,1,0,31.0
chirps,101990961244800393,2404,2020-01-01 00:00:00,2026-08-31 00:00:00,2020-01-01,2026-08-31,2404,2435,31,1440.0,768.0,1,0,31.0
chirps,101990961244800395,2404,2020-01-01 00:00:00,2026-08-31 00:00:00,2020-01-01,2026-08-31,2404,2435,31,1440.0,768.0,1,0,31.0
