device_id,raw_iot_hours,raw_matched_hours,raw_matched_pct,raw_matched_readings,raw_pearson_r,raw_bias_c,raw_mae_c,raw_rmse_c,raw_first_hour_utc,raw_last_hour_utc,raw_status,screened_iot_hours,screened_matched_hours,screened_matched_pct,screened_matched_readings,screened_pearson_r,screened_bias_c,screened_mae_c,screened_rmse_c,screened_first_hour_utc,screened_last_hour_utc,screened_status
101990961244800001,6429,6429,100.0,29387,0.9027294736562179,0.34207880249060846,1.4982977268406572,1.9566963701778042,2025-08-10 06:00:00+00:00,2026-09-07 16:00:00+00:00,ok,6429,6429,100.0,29387,0.9027294736562179,0.34207880249060846,1.4982977268406572,1.9566963701778042,2025-08-10 06:00:00+00:00,2026-09-07 16:00:00+00:00,ok
101990961244800005,5198,5198,100.0,24592,0.8873547047957618,-0.02208228606073933,1.5207224556897507,2.0237843359810626,2025-08-12 14:00:00+00:00,2026-09-04 17:00:00+00:00,ok,5198,5198,100.0,24592,0.8873547047957618,-0.02208228606073933,1.5207224556897507,2.0237843359810626,2025-08-12 14:00:00+00:00,2026-09-04 17:00:00+00:00,ok
101990961244800061,7014,7014,100.0,29734,0.9022004039329999,0.10545749873166468,1.281240513201591,1.7528153120227727,2025-08-10 06:00:00+00:00,2026-09-06 17:00:00+00:00,ok,7014,7014,100.0,29734,0.9022004039329999,0.10545749873166468,1.281240513201591,1.7528153120227727,2025-08-10 06:00:00+00:00,2026-09-06 17:00:00+00:00,ok
101990961244800083,6802,6802,100.0,31128,0.898598392823149,0.2841734632204347,1.3598556505322896,1.8216188627885843,2025-08-10 06:00:00+00:00,2026-09-14 17:00:00+00:00,ok,6802,6802,100.0,31128,0.898598392823149,0.2841734632204347,1.3598556505322896,1.8216188627885843,2025-08-10 06:00:00+00:00,2026-09-14 17:00:00+00:00,ok
101990961244800101,6747,6747,100.0,29174,0.9102237461542881,0.2600489373610761,1.3945085903178387,1.8473517074164096,2025-08-10 07:00:00+00:00,2026-09-14 17:00:00+00:00,ok,6747,6747,100.0,29174,0.9102237461542881,0.2600489373610761,1.3945085903178387,1.8473517074164096,2025-08-10 07:00:00+00:00,2026-09-14 17:00:00+00:00,ok
101990961244800102,6618,6618,100.0,29021,0.8989962219132688,-0.07550314917948647,1.5234411441619058,1.9703332678666183,2025-08-10 06:00:00+00:00,2026-09-08 08:00:00+00:00,ok,6618,6618,100.0,29018,0.8989915109565969,-0.07539737704288932,1.5233353720253084,1.970283035876688,2025-08-10 06:00:00+00:00,2026-09-08 08:00:00+00:00,ok
101990961244800113,6882,6882,100.0,29553,0.8983103910732442,0.10477526134784199,1.3875985685259877,1.8524293691110763,2025-08-10 07:00:00+00:00,2026-09-08 07:00:00+00:00,ok,6882,6882,100.0,29553,0.8983103910732442,0.10477526134784199,1.3875985685259877,1.8524293691110763,2025-08-10 07:00:00+00:00,2026-09-08 07:00:00+00:00,ok
101990961244800131,3231,3231,100.0,15451,0.8855531018486948,-0.1288738057052821,1.643300611232366,2.1160174268369905,2025-11-30 06:00:00+00:00,2026-09-14 16:00:00+00:00,ok,3231,3231,100.0,15451,0.8855531018486948,-0.1288738057052821,1.643300611232366,2.1160174268369905,2025-11-30 06:00:00+00:00,2026-09-14 16:00:00+00:00,ok
101990961244800184,6355,6355,100.0,28223,0.899140896513242,0.23821434872497027,1.3628171236928122,1.8289485774792937,2025-08-10 07:00:00+00:00,2026-09-07 15:00:00+00:00,ok,6355,6355,100.0,28223,0.899140896513242,0.23821434872497027,1.3628171236928122,1.8289485774792937,2025-08-10 07:00:00+00:00,2026-09-07 15:00:00+00:00,ok
101990961244800201,5730,5730,100.0,25256,0.9122187168419363,-0.09465802124964433,1.3431832624424247,1.8216104154342785,2025-08-10 07:00:00+00:00,2026-09-08 07:00:00+00:00,ok,5730,5730,100.0,25256,0.9122187168419363,-0.09465802124964433,1.3431832624424247,1.8216104154342785,2025-08-10 07:00:00+00:00,2026-09-08 07:00:00+00:00,ok
101990961244800207,6440,6440,100.0,28126,0.9098773603882978,-0.14608496007098493,1.3598803406738191,1.8418179396484338,2025-08-10 07:00:00+00:00,2026-09-14 16:00:00+00:00,ok,6440,6440,100.0,28126,0.9098773603882978,-0.14608496007098493,1.3598803406738191,1.8418179396484338,2025-08-10 07:00:00+00:00,2026-09-14 16:00:00+00:00,ok
101990961244800222,3499,3499,100.0,15468,0.8761180730380407,0.19154549826027392,1.7627681605175176,2.2729293031488265,2025-08-09 21:00:00+00:00,2026-09-07 16:00:00+00:00,ok,3499,3499,100.0,15466,0.8761082084319562,0.19140641090198113,1.7626290731592247,2.2728522685209342,2025-08-09 21:00:00+00:00,2026-09-07 16:00:00+00:00,ok
101990961244800246,5738,5738,100.0,25867,0.8789523734903436,0.15734955804622938,1.5079122757978631,2.0694478765875113,2025-08-09 21:00:00+00:00,2026-09-07 19:00:00+00:00,ok,5738,5738,100.0,25867,0.8789523734903436,0.15734955804622938,1.5079122757978631,2.0694478765875113,2025-08-09 21:00:00+00:00,2026-09-07 19:00:00+00:00,ok
101990961244800270,4413,4413,100.0,18343,0.8964854589882443,0.02778381480794807,1.55922929155594,2.0447369619721436,2025-08-09 21:00:00+00:00,2026-09-14 17:00:00+00:00,ok,4413,4413,100.0,18343,0.8964854589882443,0.02778381480794807,1.55922929155594,2.0447369619721436,2025-08-09 21:00:00+00:00,2026-09-14 17:00:00+00:00,ok
101990961244800281,4694,4694,100.0,23080,0.8754131907348909,0.33030903126131084,1.5110162664348858,1.9866076247963411,2025-08-09 21:00:00+00:00,2026-09-07 17:00:00+00:00,ok,4694,4694,100.0,23080,0.8754131907348909,0.33030903126131084,1.5110162664348858,1.9866076247963411,2025-08-09 21:00:00+00:00,2026-09-07 17:00:00+00:00,ok
101990961244800302,5950,5950,100.0,27874,0.8890742763661493,-0.19875842038447086,1.5038765015563333,2.019521322128606,2025-08-09 21:00:00+00:00,2026-09-14 16:00:00+00:00,ok,5950,5950,100.0,27874,0.8890742763661493,-0.19875842038447086,1.5038765015563333,2.019521322128606,2025-08-09 21:00:00+00:00,2026-09-14 16:00:00+00:00,ok
101990961244800306,6583,6583,100.0,28672,0.9037719086141122,-0.2526288234441812,1.4737364865205516,1.9354252456265677,2025-08-09 21:00:00+00:00,2026-09-07 16:00:00+00:00,ok,6583,6583,100.0,28668,0.9037729441848543,-0.2525541361182406,1.4736617991946108,1.9353390247917064,2025-08-09 21:00:00+00:00,2026-09-07 16:00:00+00:00,ok
101990961244800317,6734,6734,100.0,32117,0.8959137817292322,-0.12440137878324689,1.541823870491453,2.016607026459101,2025-08-09 21:00:00+00:00,2026-09-06 16:00:00+00:00,ok,6732,6732,100.0,32104,0.8960773226255256,-0.12253127620217635,1.5403748678782103,2.0139749824355624,2025-08-09 21:00:00+00:00,2026-09-06 16:00:00+00:00,ok
101990961244800336,6125,6125,100.0,26582,0.9011102092727149,-0.2557239956415467,1.511246940542451,1.9885737217271462,2025-08-09 21:00:00+00:00,2026-09-06 12:00:00+00:00,ok,6125,6125,100.0,26578,0.9011117158847803,-0.2556956963218187,1.5112186412227229,1.9885316925046046,2025-08-09 21:00:00+00:00,2026-09-06 12:00:00+00:00,ok
101990961244800342,5686,5686,100.0,25767,0.9066902417225237,-0.34854764329351035,1.3488081893094204,1.8402214236070409,2025-08-09 21:00:00+00:00,2026-09-02 16:00:00+00:00,ok,5686,5686,100.0,25767,0.9066902417225237,-0.34854764329351035,1.3488081893094204,1.8402214236070409,2025-08-09 21:00:00+00:00,2026-09-02 16:00:00+00:00,ok
101990961244800348,6280,6280,100.0,30598,0.8922178568406371,-0.3090108483607687,1.6504752259859743,2.161630509896741,2025-08-09 21:00:00+00:00,2026-09-06 16:00:00+00:00,ok,6261,6261,100.0,30484,0.8939810852421861,-0.2875697681172046,1.6331050326893641,2.127217810565991,2025-08-09 21:00:00+00:00,2026-09-06 16:00:00+00:00,ok
101990961244800361,3874,3874,100.0,15549,0.9047972489170772,-0.059268403110684945,1.413420565266203,1.8806161189436634,2025-08-09 21:00:00+00:00,2026-08-05 17:00:00+00:00,ok,3873,3873,100.0,15542,0.904848307149706,-0.05768072819970573,1.412182529436596,1.8785675823344006,2025-08-09 21:00:00+00:00,2026-08-05 17:00:00+00:00,ok
101990961244800375,4434,4434,100.0,20301,0.8751043132997991,-0.26192053517324154,1.5592616976192755,2.1275059653143895,2025-08-09 21:00:00+00:00,2026-08-28 17:00:00+00:00,ok,4434,4434,100.0,20301,0.8751043132997991,-0.26192053517324154,1.5592616976192755,2.1275059653143895,2025-08-09 21:00:00+00:00,2026-08-28 17:00:00+00:00,ok
101990961244800389,6052,6052,100.0,29586,0.900027169977466,0.2422960200554385,1.5644048300418096,2.019484239070479,2025-08-09 21:00:00+00:00,2026-09-05 17:00:00+00:00,ok,6052,6052,100.0,29586,0.900027169977466,0.2422960200554385,1.5644048300418096,2.019484239070479,2025-08-09 21:00:00+00:00,2026-09-05 17:00:00+00:00,ok
101990961244800393,6398,6398,100.0,27309,0.9060317366681626,-0.4034650884092116,1.4499450986216382,1.9370711183961193,2025-08-09 21:00:00+00:00,2026-09-07 16:00:00+00:00,ok,6398,6398,100.0,27305,0.9060353287579881,-0.40342731618872596,1.4499073264011528,1.9369991560443656,2025-08-09 21:00:00+00:00,2026-09-07 16:00:00+00:00,ok
101990961244800395,6148,6148,100.0,28652,0.8871821097481755,-0.17199558673452625,1.7422471484995883,2.2345604774727557,2025-08-09 21:00:00+00:00,2026-09-14 17:00:00+00:00,ok,6148,6148,100.0,28643,0.8871768647104907,-0.17204763618150087,1.7421690743291265,2.2345119111988163,2025-08-09 21:00:00+00:00,2026-09-14 17:00:00+00:00,ok
