dataset,device_id,records,valid_temperature,missing_temperature,min_c,max_c,mean_c,below_14_c,above_36_c,outside_range,outside_pct_of_valid
iot,ALL,717471,675410,42061,11.1,36.1,22.854235353340936,157,3,160,0.023689314638515865
iot,101990961244800001,30739,29387,1352,14.5,35.3,22.86225541906285,0,0,0,0.0
iot,101990961244800005,25356,24592,764,14.8,35.1,23.39390858815875,0,0,0,0.0
iot,101990961244800061,31001,29734,1267,15.0,34.6,22.356514427927628,0,0,0,0.0
iot,101990961244800083,33783,31128,2655,14.8,35.9,22.908982266769467,0,0,0,0.0
iot,101990961244800101,31471,29174,2297,14.7,35.2,22.76823198738603,0,0,0,0.0
iot,101990961244800102,31858,29021,2837,13.8,35.1,22.385276179318424,3,0,3,0.010337341924813066
iot,101990961244800113,31984,29553,2431,14.7,34.5,22.426176699489055,0,0,0,0.0
iot,101990961244800131,16754,15451,1303,15.1,35.3,24.460526826742605,0,0,0,0.0
iot,101990961244800184,30932,28223,2709,15.2,34.5,22.438642242142933,0,0,0,0.0
iot,101990961244800201,26166,25256,910,14.4,35.1,22.582265600253404,0,0,0,0.0
iot,101990961244800207,30144,28126,2018,14.2,35.3,22.82499466685629,0,0,0,0.0
iot,101990961244800222,16270,15468,802,14.2,36.1,24.15285104732351,0,2,2,0.012929919834497027
iot,101990961244800246,26733,25867,866,14.1,35.5,22.348644991688246,0,0,0,0.0
iot,101990961244800270,19418,18343,1075,14.7,35.6,23.100556070435587,0,0,0,0.0
iot,101990961244800281,24426,23080,1346,14.9,34.2,23.957248700173313,0,0,0,0.0
iot,101990961244800302,28972,27874,1098,14.3,35.4,23.084957307885485,0,0,0,0.0
iot,101990961244800306,31885,28672,3213,13.9,34.8,22.333883231026785,4,0,4,0.013950892857142858
iot,101990961244800317,33975,32117,1858,13.0,35.3,22.754388641529406,13,0,13,0.04047700594700626
iot,101990961244800336,28438,26582,1856,13.8,34.6,22.44555338198781,4,0,4,0.015047776690993905
iot,101990961244800342,26685,25767,918,14.1,34.5,22.18631583032561,0,0,0,0.0
iot,101990961244800348,31773,30598,1175,11.1,35.3,22.891440617033794,114,0,114,0.3725733708085496
iot,101990961244800361,16942,15549,1393,12.6,34.4,22.988533024631806,7,0,7,0.045018972281175636
iot,101990961244800375,21138,20301,837,14.3,34.3,23.79064578099601,0,0,0,0.0
iot,101990961244800389,31387,29586,1801,14.1,35.2,23.089038734536608,0,0,0,0.0
iot,101990961244800393,28922,27309,1613,13.8,35.1,22.45951151634992,4,0,4,0.014647185909407156
iot,101990961244800395,30319,28652,1667,13.9,36.1,23.110376239006005,8,1,9,0.03141141979617479
openmeteo,ALL,255840,255840,0,14.7,35.6,22.055469824890558,0,0,0,0.0
openmeteo,101990961244800001,9840,9840,0,15.0,34.7,21.725233739837396,0,0,0,0.0
openmeteo,101990961244800005,9840,9840,0,15.0,35.1,22.307794715447155,0,0,0,0.0
openmeteo,101990961244800061,9840,9840,0,15.0,34.6,21.783892276422765,0,0,0,0.0
openmeteo,101990961244800083,9840,9840,0,15.0,35.0,22.017367886178864,0,0,0,0.0
openmeteo,101990961244800101,9840,9840,0,15.0,35.0,21.917256097560973,0,0,0,0.0
openmeteo,101990961244800102,9840,9840,0,15.0,35.0,22.017367886178864,0,0,0,0.0
openmeteo,101990961244800113,9840,9840,0,15.0,34.6,21.783892276422765,0,0,0,0.0
openmeteo,101990961244800131,9840,9840,0,15.0,35.1,22.307794715447155,0,0,0,0.0
openmeteo,101990961244800184,9840,9840,0,15.0,34.6,21.783892276422765,0,0,0,0.0
openmeteo,101990961244800201,9840,9840,0,15.1,35.5,22.24209349593496,0,0,0,0.0
openmeteo,101990961244800207,9840,9840,0,15.0,35.1,22.307794715447155,0,0,0,0.0
openmeteo,101990961244800222,9840,9840,0,14.7,35.3,22.22173780487805,0,0,0,0.0
openmeteo,101990961244800246,9840,9840,0,15.0,35.0,21.917256097560973,0,0,0,0.0
openmeteo,101990961244800270,9840,9840,0,14.9,35.6,22.218262195121948,0,0,0,0.0
openmeteo,101990961244800281,9840,9840,0,15.0,34.7,21.725233739837396,0,0,0,0.0
openmeteo,101990961244800302,9840,9840,0,15.0,35.1,22.307794715447155,0,0,0,0.0
openmeteo,101990961244800306,9840,9840,0,15.1,34.8,21.97811991869919,0,0,0,0.0
openmeteo,101990961244800317,9840,9840,0,14.9,35.6,22.218262195121948,0,0,0,0.0
openmeteo,101990961244800336,9840,9840,0,14.9,34.9,21.92611788617886,0,0,0,0.0
openmeteo,101990961244800342,9840,9840,0,14.9,34.9,21.92611788617886,0,0,0,0.0
openmeteo,101990961244800348,9840,9840,0,15.1,35.5,22.24209349593496,0,0,0,0.0
openmeteo,101990961244800361,9840,9840,0,15.0,35.0,21.917256097560973,0,0,0,0.0
openmeteo,101990961244800375,9840,9840,0,14.7,35.3,22.22173780487805,0,0,0,0.0
openmeteo,101990961244800389,9840,9840,0,15.0,35.0,21.917256097560973,0,0,0,0.0
openmeteo,101990961244800393,9840,9840,0,14.9,35.6,22.218262195121948,0,0,0,0.0
openmeteo,101990961244800395,9840,9840,0,14.7,35.6,22.29232723577236,0,0,0,0.0
nasa_power,ALL,63674,63596,78,17.73,27.37,21.987833197056418,0,0,0,0.0
nasa_power,101990961244800001,2449,2446,3,17.73,27.37,21.987833197056418,0,0,0,0.0
nasa_power,101990961244800005,2449,2446,3,17.73,27.37,21.987833197056418,0,0,0,0.0
nasa_power,101990961244800061,2449,2446,3,17.73,27.37,21.987833197056418,0,0,0,0.0
nasa_power,101990961244800083,2449,2446,3,17.73,27.37,21.987833197056418,0,0,0,0.0
nasa_power,101990961244800101,2449,2446,3,17.73,27.37,21.987833197056418,0,0,0,0.0
nasa_power,101990961244800102,2449,2446,3,17.73,27.37,21.987833197056418,0,0,0,0.0
nasa_power,101990961244800113,2449,2446,3,17.73,27.37,21.987833197056418,0,0,0,0.0
nasa_power,101990961244800131,2449,2446,3,17.73,27.37,21.987833197056418,0,0,0,0.0
nasa_power,101990961244800184,2449,2446,3,17.73,27.37,21.987833197056418,0,0,0,0.0
nasa_power,101990961244800201,2449,2446,3,17.73,27.37,21.987833197056418,0,0,0,0.0
nasa_power,101990961244800207,2449,2446,3,17.73,27.37,21.987833197056418,0,0,0,0.0
nasa_power,101990961244800222,2449,2446,3,17.73,27.37,21.987833197056418,0,0,0,0.0
nasa_power,101990961244800246,2449,2446,3,17.73,27.37,21.987833197056418,0,0,0,0.0
nasa_power,101990961244800270,2449,2446,3,17.73,27.37,21.987833197056418,0,0,0,0.0
nasa_power,101990961244800281,2449,2446,3,17.73,27.37,21.987833197056418,0,0,0,0.0
nasa_power,101990961244800302,2449,2446,3,17.73,27.37,21.987833197056418,0,0,0,0.0
nasa_power,101990961244800306,2449,2446,3,17.73,27.37,21.987833197056418,0,0,0,0.0
nasa_power,101990961244800317,2449,2446,3,17.73,27.37,21.987833197056418,0,0,0,0.0
nasa_power,101990961244800336,2449,2446,3,17.73,27.37,21.987833197056418,0,0,0,0.0
nasa_power,101990961244800342,2449,2446,3,17.73,27.37,21.987833197056418,0,0,0,0.0
nasa_power,101990961244800348,2449,2446,3,17.73,27.37,21.987833197056418,0,0,0,0.0
nasa_power,101990961244800361,2449,2446,3,17.73,27.37,21.987833197056418,0,0,0,0.0
nasa_power,101990961244800375,2449,2446,3,17.73,27.37,21.987833197056418,0,0,0,0.0
nasa_power,101990961244800389,2449,2446,3,17.73,27.37,21.987833197056418,0,0,0,0.0
nasa_power,101990961244800393,2449,2446,3,17.73,27.37,21.987833197056418,0,0,0,0.0
nasa_power,101990961244800395,2449,2446,3,17.73,27.37,21.987833197056418,0,0,0,0.0
